id,question,category,answer_format,n_matches,entity_match,column_mappings,in_columns,phrase_matches,references,n_matches_predict
1,What is the average rent price of all buildings that are located within 100 meters from the closest church in 1740?,spatial,a single number,1,0,"[('rent price', 'rent_price', 1), ('church', 'landmark_name', 3), ('longitude', None, 3), ('latitude', None, 3)]","[True, True, False, False]","[{'church': {'dataset': 'data/landmarks.csv', 'column': 'landmark_name', 'matches': ['campo de la chiesa', 'chiesa degli ognissanti', 'chiesa delle eremite']}}]",[],1
2,What is the average building area of all buildings that are located within 100 meters from the closest church in 1808?,spatial,a single number,1,0,"[('building area', 'building_area', 2), ('church', 'landmark_name', 3), ('distance', 'longitude/latitude', 2)]","[False, True, False]","[{'church': {'dataset': 'data/landmarks.csv', 'column': 'landmark_name', 'matches': ['campo de la chiesa', 'chiesa degli ognissanti', 'chiesa delle eremite']}}]","[{'building area': {'dataset': 'data/buildings_1808.csv', 'column': 'building_area'}}]",1
3,Which square has the highest density of tenants within 100 meters in 1740?,spatial,a single entity name,1,0,"[('square', 'Landmark_Type', 3), ('building_functions_count', 'building_functions_count', 1), ('rent_price', 'rent_price', 1), ('longitude', 'longitude', 1), ('latitude', 'latitude', 1)]","[True, False, False, False, False]","[{'square': {'dataset': 'data/landmarks.csv', 'column': 'landmark_type', 'matches': ['square']}}]","[{'building_functions_count': {'dataset': 'data/buildings_1740.csv', 'column': 'building_functions_count'}}, {'rent_price': {'dataset': 'data/buildings_1740.csv', 'column': 'rent_price'}}, {'longitude': {'dataset': 'data/buildings_1740.csv', 'column': 'longitude'}}, {'latitude': {'dataset': 'data/buildings_1740.csv', 'column': 'latitude'}}]",1
4,Which square has the highest density of buildings within 100 meters in 1808?,spatial,a single entity name,1,0,"[('square', 'Landmark_Type', 3), ('building_functions_count', 'building_functions_count', 2), ('longitude', 'longitude', 2), ('latitude', 'latitude', 2)]","[True, True, False, False]","[{'square': {'dataset': 'data/landmarks.csv', 'column': 'landmark_type', 'matches': ['square']}}]","[{'longitude': {'dataset': 'data/buildings_1808.csv', 'column': 'longitude'}}, {'latitude': {'dataset': 'data/buildings_1808.csv', 'column': 'latitude'}}]",1
5,Is the building rent price correlated with the distance from the nearest square in 1740?,spatial,yes or no,1,0,"[('building rent price', 'rent_price', 1), ('distance from the nearest square', 'longitude', 3), ('distance from the nearest square', 'latitude', 3)]","[False, False, False]",[],"[{'building rent price': {'dataset': 'data/buildings_1740.csv', 'column': 'rent_price'}}, {'distance from the nearest square': {'dataset': 'data/landmarks.csv', 'column': 'longitude'}}, {'distance from the nearest square': {'dataset': 'data/landmarks.csv', 'column': 'latitude'}}]",0
6,Is the building area correlated with the distance from the nearest square in 1808?,spatial,yes or no,1,0,"[('building area', 'building_area', 2), ('distance from the nearest square', ['longitude', 'latitude'], 3), ('1808', None, 2)]","[False, False, False]",[],"[{'building area': {'dataset': 'data/buildings_1808.csv', 'column': 'building_area'}}]",0
7,In which parish the houses are the most densely located in 1740?,spatial,a single entity name,1,1,"[('In which', 'parish', 1), ('parish', 'parish', 1), ('houses', 'building_functions', 1)]","[False, True, False]","[{'parish': {'dataset': 'data/buildings_1740.csv', 'column': 'parish', 'matches': ['santa sofia', 'santa giustina', 'santa margherita', 'santa lucia']}}]","[{'in which': {'dataset': 'data/buildings_1740.csv', 'column': 'parish'}}, {'houses': {'dataset': 'data/buildings_1740.csv', 'column': 'building_functions'}}]",1
8,In which district the houses are the most densely located in 1808?,spatial,a single entity name,1,1,"[('district', 'district', 2)]",[True],[],[],0
9,In how many parishes there are more than 10 houses in 1740?,spatial,a single number,1,1,"[('parish', 'parish', 1), ('building_functions_count', 'building_functions_count', 1)]","[True, True]","[{'parish': {'dataset': 'data/buildings_1740.csv', 'column': 'parish', 'matches': ['santa sofia', 'santa giustina', 'santa margherita', 'santa lucia']}}]",[],1
10,In how many parishes there are more than 1 school in 1740?,spatial,a single number,1,1,"[('parishes', 'parish', 1), ('more than 1 school', 'building_functions_count', 1)]","[True, True]","[{'parishes': {'dataset': 'data/buildings_1740.csv', 'column': 'parish', 'matches': ['santa giustina']}}]",[],1
11,In how many parishes there are less than 10 shops in 1740?,spatial,a single number,1,1,"[('parishes', 'parish', 1), ('less than 10 shops', 'building_functions_count', 1)]","[False, True]",[],"[{'parishes': {'dataset': 'data/buildings_1740.csv', 'column': 'parish'}}]",0
12,In how many districts there are more than 10 houses in 1808?,spatial,a single number,1,1,"[('How many', 'building_functions_count', 1), ('districts', 'district', 2), ('houses', 'building_area', 2)]","[False, False, False]",[],"[{'how many': {'dataset': 'data/buildings_1740.csv', 'column': 'building_functions_count'}}, {'districts': {'dataset': 'data/buildings_1808.csv', 'column': 'district'}}, {'houses': {'dataset': 'data/buildings_1808.csv', 'column': 'building_area'}}]",0
13,In how many districts there are more than 1 school in 1808?,spatial,a single number,1,1,"[('district', 'district', 2), ('building_functions', 'building_functions', 2)]","[False, False]",[],"[{'district': {'dataset': 'data/buildings_1808.csv', 'column': 'district'}}, {'building_functions': {'dataset': 'data/buildings_1808.csv', 'column': 'building_functions'}}]",0
14,In how many districts there are less than 10 shops in 1808?,spatial,a single number,1,1,"[('In how many', 'district', 2), ('there are less than 10 shops', 'building_functions_count', 1), ('in 1808', None, 2)]","[False, True, True]",[],"[{'in how many': {'dataset': 'data/buildings_1808.csv', 'column': 'district'}}]",0
15,Are low-rent buildings with less than average rent price clustered in specific areas in 1740?,spatial,yes or no,0,0,"[('low-rent', 'rent_price', 1), ('average rent price', 'rent_price', 1), ('clustered in specific areas', 'parish', 1), ('clustered in specific areas', 'longitude', 1), ('clustered in specific areas', 'latitude', 1)]","[False, False, False, False, False]",[],"[{'low-rent': {'dataset': 'data/buildings_1740.csv', 'column': 'rent_price'}}, {'average rent price': {'dataset': 'data/buildings_1740.csv', 'column': 'rent_price'}}, {'clustered in specific areas': {'dataset': 'data/buildings_1740.csv', 'column': 'parish'}}, {'clustered in specific areas': {'dataset': 'data/buildings_1740.csv', 'column': 'longitude'}}, {'clustered in specific areas': {'dataset': 'data/buildings_1740.csv', 'column': 'latitude'}}]",0
16,Are small buildings with smaller than average building size clustered in specific areas in 1808?,spatial,yes or no,0,0,"[('small', None, None), ('buildings', 'building_functions', 2), ('building size', 'building_area', 2), ('specific areas', 'district', 2)]","[False, False, False, True]",[],"[{'buildings': {'dataset': 'data/buildings_1808.csv', 'column': 'building_functions'}}, {'building size': {'dataset': 'data/buildings_1808.csv', 'column': 'building_area'}}]",0
17,How many people live within 100 meters from the closest church in 1740?,spatial,a single number,1,0,"[('people', 'tenant_name', 1), ('church', 'landmark_name', 3), ('100 meters', None, None)]","[False, True, True]","[{'church': {'dataset': 'data/landmarks.csv', 'column': 'landmark_name', 'matches': ['campo de la chiesa', 'chiesa degli ognissanti', 'chiesa delle eremite']}}]","[{'people': {'dataset': 'data/buildings_1740.csv', 'column': 'tenant_name'}}]",1
18,How many people live within 100 meters from the closest church in 1808?,spatial,a single number,1,0,"[('people', 'owner_first_name', 2), ('longitude', 'longitude', 1), ('latitude', 'latitude', 1), ('landmark_type', 'Landmark_Type', 3)]","[False, False, True, True]",[],"[{'people': {'dataset': 'data/buildings_1808.csv', 'column': 'owner_first_name'}}, {'longitude': {'dataset': 'data/buildings_1740.csv', 'column': 'longitude'}}]",0
19,"On average, how much more expensive are houses near the squares within 100 meters compared to those further away in 1740?",spatial,a single number,2,1,"[('squares', 'Landmark_Type', 3), ('houses', 'building_functions', 1), ('parish', 'parish', 1)]","[True, False, True]","[{'squares': {'dataset': 'data/landmarks.csv', 'column': 'landmark_type', 'matches': ['square']}}, {'parish': {'dataset': 'data/buildings_1740.csv', 'column': 'parish', 'matches': ['santa sofia', 'santa giustina', 'santa margherita', 'santa lucia']}}]","[{'houses': {'dataset': 'data/buildings_1740.csv', 'column': 'building_functions'}}]",2
20,"On average, how much more expensive are workshops near the squares within 100 meters compared to those further away in 1740?",spatial,a single number,2,1,"[('workshops', 'building_functions', 1), ('squares', 'Landmark_Type', 3), ('longitude', None, 1), ('latitude', None, 1)]","[True, True, False, False]","[{'workshops': {'dataset': 'data/buildings_1740.csv', 'column': 'building_functions', 'matches': ['magazzeno, orto']}}, {'squares': {'dataset': 'data/landmarks.csv', 'column': 'landmark_type', 'matches': ['square']}}]",[],2
21,"On average, how much more expensive are schools near the squares within 100 meters compared to those further away in 1740?",spatial,a single number,2,1,"[('schools', 'building_functions', 1), ('squares', 'landmark_name', 3)]","[True, True]","[{'schools': {'dataset': 'data/buildings_1740.csv', 'column': 'building_functions', 'matches': ['scuola']}}]",[],1
22,"On average, how much bigger are houses near the squares within 100 meters compared to those further away in 1808?",spatial,a single number,2,1,"[('houses', 'building_functions', 2), ('squares', 'landmark_name', 3), ('100 meters', None, None)]","[False, True, True]",[],"[{'houses': {'dataset': 'data/buildings_1808.csv', 'column': 'building_functions'}}]",0
23,"On average, how much bigger are workshops near the squares within 100 meters compared to those further away in 1808?",spatial,a single number,2,1,"[('workshops', 'building_functions', 2), ('squares', 'landmark_name', 3)]","[True, True]","[{'workshops': {'dataset': 'data/buildings_1808.csv', 'column': 'building_functions', 'matches': ['cantiere', 'magazzeno, raffinaria']}}]",[],1
24,"On average, how much bigger are schools near the squares within 100 meters compared to those further away in 1808?",spatial,a single number,2,1,"[('schools', 'landmark_type', 3), ('building_area', 'building_area', 2)]","[True, True]",[],[],0
25,"On average, how much more expensive are houses near the churches within 100 meters compared to those further away in 1740?",spatial,a single number,2,1,"[('houses', 'building_functions', 1), ('churches', 'landmark_name', 3), ('landmark_type', 'Landmark_Type', 3)]","[False, True, True]","[{'churches': {'dataset': 'data/landmarks.csv', 'column': 'landmark_name', 'matches': ['campo de la chiesa', 'campo drio la chiesa', 'chiesa degli ognissanti', 'chiesa delle eremite']}}]","[{'houses': {'dataset': 'data/buildings_1740.csv', 'column': 'building_functions'}}]",1
26,"On average, how much more expensive are workshops near the churches within 100 meters compared to those further away in 1740?",spatial,a single number,2,1,"[('workshops', 'building_functions', 1), ('near the churches', 'landmark_name', 3), ('near the churches', 'landmark_type', 3)]","[True, True, True]","[{'workshops': {'dataset': 'data/buildings_1740.csv', 'column': 'building_functions', 'matches': ['magazzeno, orto']}}, {'near the churches': {'dataset': 'data/landmarks.csv', 'column': 'landmark_name', 'matches': ['campo de la chiesa', 'campo drio la chiesa', 'chiesa degli ognissanti', 'chiesa delle eremite']}}, {'near the churches': {'dataset': 'data/landmarks.csv', 'column': 'landmark_type', 'matches': ['church']}}]",[],3
27,"On average, how much more expensive are schools near the churches within 100 meters compared to those further away in 1740?",spatial,a single number,2,1,"[('schools', 'building_functions', 1), ('churches', 'landmark_name', 3)]","[True, True]","[{'schools': {'dataset': 'data/buildings_1740.csv', 'column': 'building_functions', 'matches': ['scuola']}}, {'churches': {'dataset': 'data/landmarks.csv', 'column': 'landmark_name', 'matches': ['campo de la chiesa', 'campo drio la chiesa', 'chiesa degli ognissanti', 'chiesa delle eremite']}}]",[],2
28,"On average, how much bigger are houses near the churches within 100 meters compared to those further away in 1808?",spatial,a single number,2,1,"[('houses', 'building_functions', 2), ('near the churches', 'landmark_name', 3), ('compared to those further away', 'building_functions_count', 2)]","[False, True, False]","[{'near the churches': {'dataset': 'data/landmarks.csv', 'column': 'landmark_name', 'matches': ['campo de la chiesa', 'campo drio la chiesa', 'chiesa degli ognissanti', 'chiesa delle eremite']}}]","[{'houses': {'dataset': 'data/buildings_1808.csv', 'column': 'building_functions'}}, {'compared to those further away': {'dataset': 'data/buildings_1808.csv', 'column': 'building_functions_count'}}]",1
29,"On average, how much bigger are workshops near the churches within 100 meters compared to those further away in 1808?",spatial,a single number,2,1,"[('workshops', 'building_functions', 2), ('churches', 'landmark_name', 3)]","[True, True]","[{'workshops': {'dataset': 'data/buildings_1808.csv', 'column': 'building_functions', 'matches': ['cantiere', 'magazzeno, raffinaria']}}, {'churches': {'dataset': 'data/landmarks.csv', 'column': 'landmark_name', 'matches': ['campo de la chiesa', 'campo drio la chiesa', 'chiesa degli ognissanti', 'chiesa delle eremite']}}]",[],2
30,"On average, how much bigger are schools near the churches within 100 meters compared to those further away in 1808?",spatial,a single number,2,1,"[('schools', 'building_functions', 2), ('churches', 'landmark_name', 3)]","[True, True]","[{'schools': {'dataset': 'data/buildings_1808.csv', 'column': 'building_functions', 'matches': ['magazzeno, scuola']}}, {'churches': {'dataset': 'data/landmarks.csv', 'column': 'landmark_name', 'matches': ['campo de la chiesa', 'campo drio la chiesa', 'chiesa degli ognissanti', 'chiesa delle eremite']}}]",[],2
31,How many buildings are located around the square of San Marco within 100 meters in 1740?,spatial,a single number,1,1,"[('San Marco', 'landmark_name', 3), ('square', 'Landmark_Type', 3), ('buildings', 'building_functions_count', 1), ('100 meters', None, None)]","[True, True, True, True]","[{'san marco': {'dataset': 'data/landmarks.csv', 'column': 'landmark_name', 'matches': ['piazza san marco']}}, {'square': {'dataset': 'data/landmarks.csv', 'column': 'landmark_type', 'matches': ['square']}}]",[],2
32,How many buildings are located around the church of Saint Paul within 100 meters in 1740?,spatial,a single number,1,1,"[('church of Saint Paul', 'landmark_name', 3), ('longitude', 'longitude', 1), ('latitude', 'latitude', 1)]","[True, True, True]","[{'church of saint paul': {'dataset': 'data/landmarks.csv', 'column': 'landmark_name', 'matches': ['chiesa di saint george']}}]",[],1
33,How many houses are located around the church of Saint Paul within 100 meters in 1740?,spatial,a single number,2,1,"[('Saint Paul', 'landmark_name', 3), ('buildings', 'building_functions_count', 1), ('longitude', 'longitude', 1), ('latitude', 'latitude', 1)]","[True, True, True, True]","[{'saint paul': {'dataset': 'data/landmarks.csv', 'column': 'landmark_name', 'matches': [""sant' aponal""]}}]",[],1
34,How many buildings are located around the square of San Marco within 100 meters in 1808?,spatial,a single number,1,1,"[('San Marco', 'landmark_name', 3), ('square', 'Landmark_Type', 3), ('buildings', 'building_functions_count', 2), ('within 100 meters', None, None)]","[True, True, True, True]","[{'san marco': {'dataset': 'data/landmarks.csv', 'column': 'landmark_name', 'matches': ['piazza san marco']}}, {'square': {'dataset': 'data/landmarks.csv', 'column': 'landmark_type', 'matches': ['square']}}]",[],2
35,How many buildings are located around the church of Saint Paul within 100 meters in 1808?,spatial,a single number,1,1,"[('church', 'landmark_type', 3), ('Saint Paul', 'landmark_name', 3), ('buildings', 'building_functions_count', 2), ('within 100 meters', None, None)]","[True, True, True, True]","[{'church': {'dataset': 'data/landmarks.csv', 'column': 'landmark_type', 'matches': ['church']}}, {'saint paul': {'dataset': 'data/landmarks.csv', 'column': 'landmark_name', 'matches': [""sant' aponal""]}}]",[],2
36,How many houses are located around the square of San Marco within 100 meters in 1808?,spatial,a single number,2,1,"[('houses', 'building_functions', 2), ('San Marco', 'landmark_name', 3), ('square', 'Landmark_Type', 3), ('within 100 meters', None, None)]","[False, True, True, False]","[{'san marco': {'dataset': 'data/landmarks.csv', 'column': 'landmark_name', 'matches': ['piazza san marco']}}, {'square': {'dataset': 'data/landmarks.csv', 'column': 'landmark_type', 'matches': ['square']}}]","[{'houses': {'dataset': 'data/buildings_1808.csv', 'column': 'building_functions'}}]",2
37,Are the buildings located within 100 meters from San Marco more expensive than the buildings located within 100 meters from other squares in 1740?,spatial,yes or no,2,1,"[('San Marco', 'landmark_name', 3), ('squares', 'Landmark_Type', 3), ('buildings', 'building_functions_count', 1), ('rent price', 'rent_price', 1)]","[True, True, True, True]","[{'san marco': {'dataset': 'data/landmarks.csv', 'column': 'landmark_name', 'matches': ['piazza san marco']}}, {'squares': {'dataset': 'data/landmarks.csv', 'column': 'landmark_type', 'matches': ['square']}}]",[],2
38,Are the buildings located within 100 meters from San Marco bigger than the buildings located within 100 meters from other squares in 1808?,spatial,yes or no,2,1,"[('San Marco', 'landmark_name', 3), ('buildings', 'building_functions', 2), ('buildings', 'building_area', 2)]","[True, True, False]","[{'san marco': {'dataset': 'data/landmarks.csv', 'column': 'landmark_name', 'matches': ['piazza san marco']}}, {'buildings': {'dataset': 'data/buildings_1808.csv', 'column': 'building_functions', 'matches': ['calle, portico']}}]","[{'buildings': {'dataset': 'data/buildings_1808.csv', 'column': 'building_area'}}]",2
39,On average how far do people live from the squares in 1740?,spatial,a single number,1,0,"[('On average how far', 'longitude', 1), ('do people live from', 'latitude', 1), ('the squares', 'Landmark_Type', 3)]","[False, False, True]","[{'the squares': {'dataset': 'data/landmarks.csv', 'column': 'landmark_type', 'matches': ['square']}}]","[{'on average how far': {'dataset': 'data/buildings_1740.csv', 'column': 'longitude'}}, {'do people live from': {'dataset': 'data/buildings_1740.csv', 'column': 'latitude'}}]",1
40,On average how far do people live from the squares in 1808?,spatial,a single number,1,0,[],[],[],[],0
41,Which neighborhood has the highest density of different families in 1740?,spatial,a single entity name,0,0,"[('neighborhood', 'parish', 1), ('density', None, None), ('different families', 'owner_family_name', 1)]","[False, False, False]",[],"[{'neighborhood': {'dataset': 'data/buildings_1740.csv', 'column': 'parish'}}, {'different families': {'dataset': 'data/buildings_1740.csv', 'column': 'owner_family_name'}}]",0
42,Which neighborhood has the highest density of different families in 1808?,spatial,a single entity name,0,0,"[('neighborhood', 'district', 2), ('density', None, None), ('different families', 'owner_family_name', 1), ('different families', 'owner_family_name', 2)]","[False, False, False, False]",[],"[{'neighborhood': {'dataset': 'data/buildings_1808.csv', 'column': 'district'}}, {'different families': {'dataset': 'data/buildings_1740.csv', 'column': 'owner_family_name'}}, {'different families': {'dataset': 'data/buildings_1808.csv', 'column': 'owner_family_name'}}]",0
43,How many churches does each parish have on average in 1740?,spatial,a single number,1,0,"[('many', 'building_functions_count', 1), ('churches', 'landmark_name', 3), ('parish', 'parish', 1)]","[True, True, True]","[{'many': {'dataset': 'data/buildings_1740.csv', 'column': 'building_functions_count', 'matches': ['1']}}, {'churches': {'dataset': 'data/landmarks.csv', 'column': 'landmark_name', 'matches': ['campo de la chiesa', 'campo drio la chiesa', 'chiesa degli ognissanti', 'chiesa delle eremite']}}, {'parish': {'dataset': 'data/buildings_1740.csv', 'column': 'parish', 'matches': ['santa sofia', 'santa giustina', 'santa margherita', 'santa lucia']}}]",[],3
44,How many churches does each district have on average in 1808?,spatial,a single number,1,0,"[('churches', 'landmark_type', 3), ('each district', 'district', 2)]","[True, False]","[{'churches': {'dataset': 'data/landmarks.csv', 'column': 'landmark_type', 'matches': ['church']}}]","[{'each district': {'dataset': 'data/buildings_1808.csv', 'column': 'district'}}]",1
45,Is there a significant difference in the rent prices for buildings within 100 meters from the closest churches versus from squares in 1740?,spatial,yes or no,2,0,"[('rent prices', 'rent_price', 1), ('closest churches', 'landmark_name', 3), ('squares', 'Landmark_Type', 3)]","[False, True, True]","[{'closest churches': {'dataset': 'data/landmarks.csv', 'column': 'landmark_name', 'matches': ['campo de la chiesa', 'campo drio la chiesa', 'chiesa degli ognissanti', 'chiesa di san maurizio', 'chiesa delle eremite']}}, {'squares': {'dataset': 'data/landmarks.csv', 'column': 'landmark_type', 'matches': ['square']}}]","[{'rent prices': {'dataset': 'data/buildings_1740.csv', 'column': 'rent_price'}}]",2
46,Is there a significant difference in the area of buildings within 100 meters from the closest churches versus from squares in 1808?,spatial,yes or no,2,0,"[('closest churches', 'landmark_name', 3), ('squares', 'Landmark_Type', 3), ('within 100 meters', 'longitude', 1), ('within 100 meters', 'latitude', 1), ('area of buildings', 'building_area', 2)]","[True, True, True, True, False]","[{'closest churches': {'dataset': 'data/landmarks.csv', 'column': 'landmark_name', 'matches': ['campo de la chiesa', 'campo drio la chiesa', 'chiesa degli ognissanti', 'chiesa di san maurizio', 'chiesa delle eremite']}}, {'squares': {'dataset': 'data/landmarks.csv', 'column': 'landmark_type', 'matches': ['square']}}]","[{'area of buildings': {'dataset': 'data/buildings_1808.csv', 'column': 'building_area'}}]",2
47,Which neighborhood contains the buildings with the highest rent price on average in 1740?,spatial,a single entity name,0,0,"[('neighborhood', 'parish', 1), ('buildings', None, 1), ('highest rent price', 'rent_price', 1)]","[False, False, True]",[],"[{'neighborhood': {'dataset': 'data/buildings_1740.csv', 'column': 'parish'}}]",0
48,Which neighborhood contains the buildings with the largest area on average in 1808?,spatial,a single entity name,0,0,"[('neighborhood', 'district', 2), ('buildings', 'building_functions_count', 2), ('largest area', 'building_area', 2)]","[False, False, True]",[],"[{'neighborhood': {'dataset': 'data/buildings_1808.csv', 'column': 'district'}}, {'buildings': {'dataset': 'data/buildings_1808.csv', 'column': 'building_functions_count'}}]",0
49,What is the name of the square that is the most densely populated with people within 100 meters in 1740?,spatial,a single entity name,1,0,"[('name of the square', 'landmark_name', 3)]",[True],"[{'name of the square': {'dataset': 'data/landmarks.csv', 'column': 'landmark_name', 'matches': ['piazza san marco']}}]",[],1
50,What is the name of the square that is the most densely populated with people within 100 meters in 1808?,spatial,a single entity name,1,0,"[('name of the square', 'landmark_name', 3), ('most densely populated', 'building_area', 2), ('within 100 meters', 'longitude', 1), ('within 100 meters', 'latitude', 1)]","[True, False, True, False]","[{'name of the square': {'dataset': 'data/landmarks.csv', 'column': 'landmark_name', 'matches': ['piazza san marco']}}]","[{'most densely populated': {'dataset': 'data/buildings_1808.csv', 'column': 'building_area'}}, {'within 100 meters': {'dataset': 'data/buildings_1740.csv', 'column': 'latitude'}}]",1
51,How many buildings are there per parish on average in 1740?,spatial,a single number,0,0,"[('buildings', 'building_functions_count', 1), ('parish', 'parish', 1)]","[False, True]","[{'parish': {'dataset': 'data/buildings_1740.csv', 'column': 'parish', 'matches': ['santa sofia', 'santa giustina', 'santa margherita', 'santa lucia']}}]","[{'buildings': {'dataset': 'data/buildings_1740.csv', 'column': 'building_functions_count'}}]",1
52,How many buildings are there per district on average in 1808?,spatial,a single number,0,0,"[('buildings', 'building_functions_count', 2), ('per district', 'district', 2)]","[False, False]",[],"[{'buildings': {'dataset': 'data/buildings_1808.csv', 'column': 'building_functions_count'}}, {'per district': {'dataset': 'data/buildings_1808.csv', 'column': 'district'}}]",0
53,What is the parish with the highest rent price in 1740?,spatial,a single entity name,0,0,"[('parish', 'parish', 1), ('rent price', 'rent_price', 1)]","[True, True]","[{'parish': {'dataset': 'data/buildings_1740.csv', 'column': 'parish', 'matches': ['santa sofia', 'santa giustina', 'santa margherita', 'santa lucia']}}]",[],1
54,What is the district with the largest buildings in 1808?,spatial,a single entity name,0,0,"[('district', 'district', 2), ('buildings', 'building_functions_count', 2)]","[True, False]",[],"[{'buildings': {'dataset': 'data/buildings_1808.csv', 'column': 'building_functions_count'}}]",0
55,"Among all the parishes, what is the highest density of buildings with multiple functions in 1740?",spatial,a single number,0,0,"[('parish', 'parish', 1), ('building_functions_count', 'building_functions_count', 1), ('building_functions', 'building_functions', 1)]","[False, True, False]",[],"[{'parish': {'dataset': 'data/buildings_1740.csv', 'column': 'parish'}}, {'building_functions': {'dataset': 'data/buildings_1740.csv', 'column': 'building_functions'}}]",0
56,"Among all the districts, what is the highest density of buildings with multiple functions in 1808?",spatial,a single number,0,0,"[('districts', 'district', 2), ('highest density of buildings', 'building_functions_count', 2), ('multiple functions', 'building_functions_count', 2)]","[False, False, True]",[],"[{'districts': {'dataset': 'data/buildings_1808.csv', 'column': 'district'}}, {'highest density of buildings': {'dataset': 'data/buildings_1808.csv', 'column': 'building_functions_count'}}]",0
57,What is the average rent price difference between the parishes with the highest and the lowest rent prices in 1740?,spatial,a single number,0,0,"[('average rent price', 'rent_price', 1), ('parishes', 'parish', 1), ('highest', None, None), ('lowest', None, None)]","[True, False, True, True]",[],"[{'parishes': {'dataset': 'data/buildings_1740.csv', 'column': 'parish'}}]",0
58,What is the average size difference between the districts with the largest and the smalles buildings in 1808?,spatial,a single number,0,0,"[('average size', 'building_area', 2), ('largest', 'building_area', 2), ('smallest', 'building_area', 2), ('buildings', 'building_functions', 2), ('districts', 'district', 2)]","[True, True, True, False, False]",[],"[{'buildings': {'dataset': 'data/buildings_1808.csv', 'column': 'building_functions'}}, {'districts': {'dataset': 'data/buildings_1808.csv', 'column': 'district'}}]",0
59,Are there any parishes with more than 5 buildings owned by a single family in 1740?,spatial,yes or no,0,0,"[('parishes', 'parish', 1), ('more than 5', 'building_functions_count', 1), ('owned by a single family', 'owner_family_name', 1), ('owned by a single family', 'owner_family_name', 2)]","[False, True, False, True]",[],"[{'parishes': {'dataset': 'data/buildings_1740.csv', 'column': 'parish'}}, {'owned by a single family': {'dataset': 'data/buildings_1740.csv', 'column': 'owner_family_name'}}]",0
60,Are there any districts with more than 5 buildings owned by a single family in 1808?,spatial,yes or no,0,0,"[('district', 'district', 2), ('buildings', 'building_functions_count', 2), ('buildings', 'building_functions_count', 1), ('owned by a single family', 'owner_family_name', 2), ('owned by a single family', 'owner_family_name', 1)]","[True, False, True, False, False]",[],"[{'buildings': {'dataset': 'data/buildings_1808.csv', 'column': 'building_functions_count'}}, {'owned by a single family': {'dataset': 'data/buildings_1808.csv', 'column': 'owner_family_name'}}, {'owned by a single family': {'dataset': 'data/buildings_1740.csv', 'column': 'owner_family_name'}}]",0
61,What is the most common function of buildings that are within 100 meters from the closest square in 1740?,function,a single entity name,1,0,"[('building_functions', 'building_functions', 1), ('square', 'landmark_name', 3)]","[True, True]","[{'square': {'dataset': 'data/landmarks.csv', 'column': 'landmark_name', 'matches': ['piazza san marco']}}]",[],1
62,What is the most common function of buildings that are within 100 meters from the closest square in 1808?,function,a single entity name,1,0,"[('closest square', 'landmark_name', 3), ('buildings', 'building_functions', 2)]","[True, True]","[{'buildings': {'dataset': 'data/buildings_1808.csv', 'column': 'building_functions', 'matches': ['calle, portico']}}]",[],1
63,Which square is surrounded with the buildings with the most diverse functions within the radius of 100 meters in 1740?,function,a single entity name,1,0,"[('square', 'Landmark_Name', 3), ('buildings', 'building_functions', 1), ('radius', 'longitude', 1)]","[True, True, False]","[{'square': {'dataset': 'data/landmarks.csv', 'column': 'landmark_name', 'matches': ['piazza san marco']}}, {'buildings': {'dataset': 'data/buildings_1740.csv', 'column': 'building_functions', 'matches': ['casa, portico', 'calle']}}]","[{'radius': {'dataset': 'data/buildings_1740.csv', 'column': 'longitude'}}]",2
64,Which square is surrounded with the buildings with the most diverse functions within the radius of 100 meters in 1808?,function,a single entity name,1,0,"[('square', 'landmark_name', 3), ('buildings', 'building_functions', 2), ('radius', None, None)]","[True, True, True]","[{'square': {'dataset': 'data/landmarks.csv', 'column': 'landmark_name', 'matches': ['piazza san marco']}}, {'buildings': {'dataset': 'data/buildings_1808.csv', 'column': 'building_functions', 'matches': ['calle, portico']}}]",[],2
65,Are residential buildings more closely located to the squares than commercial buildings in 1740?,function,yes or no,3,1,"[('residential', 'building_functions', 1), ('squares', 'landmark_name', 3), ('commercial', 'building_functions', 1)]","[True, True, True]","[{'residential': {'dataset': 'data/buildings_1740.csv', 'column': 'building_functions', 'matches': ['appartamento', 'appartamento, casa']}}, {'commercial': {'dataset': 'data/buildings_1740.csv', 'column': 'building_functions', 'matches': ['magazzeno', 'calle', 'calle, magazzeno']}}]",[],2
66,Are residential buildings more closely located to the squares than commercial buildings in 1808?,function,yes or no,3,1,"[('residential buildings', 'building_functions', 2), ('squares', 'landmark_name', 3), ('commercial buildings', 'building_functions', 2)]","[True, True, True]","[{'residential buildings': {'dataset': 'data/buildings_1808.csv', 'column': 'building_functions', 'matches': ['casa, corto, portico', 'appartamento, casa, volta', 'appartamento, casa', 'area, casa']}}, {'commercial buildings': {'dataset': 'data/buildings_1808.csv', 'column': 'building_functions', 'matches': ['calle, portico', 'fabbrica, locale']}}]",[],2
67,What is the average distance between workshops and their nearest square in 1740?,function,a single number,2,1,[],[],[],[],0
68,What is the average distance between houses and their nearest square in 1740?,function,a single number,2,1,"[('buildings', 'building_functions_count', 1), ('landmark_name', 'landmark_name', 3)]","[False, True]",[],"[{'buildings': {'dataset': 'data/buildings_1740.csv', 'column': 'building_functions_count'}}]",0
69,What is the average distance between schools and their nearest church in 1740?,function,a single number,2,1,"[('churches', 'landmark_name', 3), ('longitude', 'longitude', 1), ('latitude', 'latitude', 1)]","[True, False, False]","[{'churches': {'dataset': 'data/landmarks.csv', 'column': 'landmark_name', 'matches': ['campo de la chiesa', 'campo drio la chiesa', 'chiesa degli ognissanti', 'chiesa delle eremite']}}]","[{'longitude': {'dataset': 'data/buildings_1740.csv', 'column': 'longitude'}}, {'latitude': {'dataset': 'data/buildings_1740.csv', 'column': 'latitude'}}]",1
70,What is the average distance between workshops and their nearest square in 1808?,function,a single number,2,1,"[('workshops', 'building_functions', 2), ('square', 'Landmark_Type', 3)]","[True, True]","[{'workshops': {'dataset': 'data/buildings_1808.csv', 'column': 'building_functions', 'matches': ['cantiere', 'magazzeno, raffinaria']}}, {'square': {'dataset': 'data/landmarks.csv', 'column': 'landmark_type', 'matches': ['square']}}]",[],2
71,What is the average distance between houses and their nearest square in 1808?,function,a single number,2,1,"[('houses', 'building_functions_count', 1), ('houses', 'longitude', 2), ('houses', 'latitude', 2), ('square', 'landmark_name', 3)]","[False, False, False, True]","[{'square': {'dataset': 'data/landmarks.csv', 'column': 'landmark_name', 'matches': ['piazza san marco']}}]","[{'houses': {'dataset': 'data/buildings_1740.csv', 'column': 'building_functions_count'}}, {'houses': {'dataset': 'data/buildings_1808.csv', 'column': 'longitude'}}, {'houses': {'dataset': 'data/buildings_1808.csv', 'column': 'latitude'}}]",1
72,What is the average distance between schools and their nearest church in 1808?,function,a single number,2,1,"[('church', 'landmark_type', 3), ('longitude', 'longitude', 2), ('latitude', 'latitude', 2)]","[True, True, False]","[{'church': {'dataset': 'data/landmarks.csv', 'column': 'landmark_type', 'matches': ['church']}}]","[{'latitude': {'dataset': 'data/buildings_1808.csv', 'column': 'latitude'}}]",1
73,"On average, are buildings with multiple functions more expensive than the ones with a single function in 1740?",function,yes or no,0,0,"[('building_functions', 'building_functions', 1), ('rent_price', 'rent_price', 1)]","[False, True]",[],"[{'building_functions': {'dataset': 'data/buildings_1740.csv', 'column': 'building_functions'}}]",0
74,"On average, are buildings with multiple functions larger than the ones with a single function in 1808?",function,yes or no,0,0,"[('building_functions_count', 'building_functions_count', 2), ('building_functions_count', 'building_functions_count', 2)]","[True, False]",[],"[{'building_functions_count': {'dataset': 'data/buildings_1808.csv', 'column': 'building_functions_count'}}]",0
75,What is the most common combination of functions of multi-functional buildings in 1740?,function,a single entity name,0,0,"[('functions', 'building_functions', 1), ('multi-functional', 'building_functions_count', 1)]","[False, False]",[],"[{'functions': {'dataset': 'data/buildings_1740.csv', 'column': 'building_functions'}}, {'multi-functional': {'dataset': 'data/buildings_1740.csv', 'column': 'building_functions_count'}}]",0
76,What is the most common combination of functions of multi-functional buildings in 1808?,function,a single entity name,0,0,"[('functions', 'building_functions', 1), ('functions', 'building_functions', 2)]","[False, False]",[],"[{'functions': {'dataset': 'data/buildings_1740.csv', 'column': 'building_functions'}}, {'functions': {'dataset': 'data/buildings_1808.csv', 'column': 'building_functions'}}]",0
77,Is there a correlation between building functions and their proximity to the churches in 1740?,function,yes or no,1,0,"[('building functions', 'building_functions', 1), ('churches', 'landmark_name', 3)]","[False, True]","[{'churches': {'dataset': 'data/landmarks.csv', 'column': 'landmark_name', 'matches': ['campo de la chiesa', 'campo drio la chiesa', 'chiesa degli ognissanti', 'chiesa delle eremite']}}]","[{'building functions': {'dataset': 'data/buildings_1740.csv', 'column': 'building_functions'}}]",1
78,Is there a correlation between building functions and their proximity to the churches in 1808?,function,yes or no,1,0,"[('building functions', 'building_functions', 2), ('churches', 'landmark_name', 3)]","[False, True]","[{'churches': {'dataset': 'data/landmarks.csv', 'column': 'landmark_name', 'matches': ['campo de la chiesa', 'campo drio la chiesa', 'chiesa degli ognissanti', 'chiesa delle eremite']}}]","[{'building functions': {'dataset': 'data/buildings_1808.csv', 'column': 'building_functions'}}]",1
79,Which church is surrounded by the most diverse set of building functions in 1740?,function,a single entity name,1,0,"[('church', 'landmark_name', 3), ('building functions', 'building_functions', 1)]","[True, True]","[{'church': {'dataset': 'data/landmarks.csv', 'column': 'landmark_name', 'matches': ['campo de la chiesa', 'chiesa degli ognissanti', 'chiesa delle eremite']}}]",[],1
80,Which church is surrounded by the most diverse set of building functions in 1808?,function,a single entity name,1,0,"[('Which church', 'landmark_name', 3), ('the most diverse set of building functions', 'building_functions', 2)]","[True, True]","[{'which church': {'dataset': 'data/landmarks.csv', 'column': 'landmark_name', 'matches': ['campo de la chiesa', 'campo drio la chiesa', 'chiesa degli ognissanti', 'chiesa di san maurizio', 'chiesa delle eremite']}}]",[],1
81,Is there a correlation between the number of building functions and the rent price in 1740?,function,yes or no,0,0,"[('number of building functions', 'building_functions_count', 1), ('rent price', 'rent_price', 1)]","[False, False]",[],"[{'number of building functions': {'dataset': 'data/buildings_1740.csv', 'column': 'building_functions_count'}}, {'rent price': {'dataset': 'data/buildings_1740.csv', 'column': 'rent_price'}}]",0
82,Is there a correlation between the number of building functions and the size of the building in 1808?,function,yes or no,0,0,"[('number of building functions', 'building_functions', 2), ('size of the building', 'building_area', 2)]","[False, False]",[],"[{'number of building functions': {'dataset': 'data/buildings_1808.csv', 'column': 'building_functions'}}, {'size of the building': {'dataset': 'data/buildings_1808.csv', 'column': 'building_area'}}]",0
83,Which square has the largest number of commercial buildings within 100 meters in the dataset in 1740?,function,a single entity name,2,0,"[('Which', 'landmark_name', 3), ('square', 'Landmark_Name', 3), ('largest number of commercial buildings', 'building_functions', 1), ('largest number of commercial buildings', 'building_functions_count', 1)]","[True, True, True, True]","[{'which': {'dataset': 'data/landmarks.csv', 'column': 'landmark_name', 'matches': ['campo ruga']}}, {'square': {'dataset': 'data/landmarks.csv', 'column': 'landmark_name', 'matches': ['piazza san marco']}}]",[],2
84,Which square has the largest number of commercial buildings within 100 meters in the dataset in 1808?,function,a single entity name,2,0,"[('square', 'Landmark_Name', 3), ('commercial buildings', 'building_functions', 2)]","[True, True]","[{'square': {'dataset': 'data/landmarks.csv', 'column': 'landmark_name', 'matches': ['piazza san marco']}}, {'commercial buildings': {'dataset': 'data/buildings_1808.csv', 'column': 'building_functions', 'matches': ['calle, portico', 'fabbrica, locale']}}]",[],2
85,Which family owns the most number of buildings in 1740?,personal,a single entity name,0,0,"[('family', 'owner_family_name', 1), ('family', 'owner_family_name', 2)]","[True, False]","[{'family': {'dataset': 'data/buildings_1740.csv', 'column': 'owner_family_name', 'matches': ['dada']}}]","[{'family': {'dataset': 'data/buildings_1808.csv', 'column': 'owner_family_name'}}]",1
86,How many buildings does the family of Michiel own in 1740?,personal,a single number,1,1,"[('How many', 'building_functions_count', 1), ('family of Michiel', 'owner_family_name', 1)]","[True, True]","[{'family of michiel': {'dataset': 'data/buildings_1740.csv', 'column': 'owner_family_name', 'matches': ['emo michiel']}}]",[],1
87,How many buildings does the Zuanne Don own in 1740?,personal,a single number,2,1,"[('Zuanne Don', 'owner_first_name', 1), ('Zuanne Don', 'owner_family_name', 1), ('buildings', 'building_functions_count', 1)]","[True, True, True]","[{'zuanne don': {'dataset': 'data/buildings_1740.csv', 'column': 'owner_first_name', 'matches': ['zuanne', 'zuanne domenico', 'zuanne antonio', 'zuanne salvador', 'zuane domenico', 'zuanne giovanni', 'zuanne paolo']}}, {'zuanne don': {'dataset': 'data/buildings_1740.csv', 'column': 'owner_family_name', 'matches': ['donini']}}]",[],2
88,Which family owns the most number of buildings in 1808?,personal,a single entity name,0,0,"[('family', 'owner_family_name', 1), ('family', 'owner_family_name', 2)]","[True, True]","[{'family': {'dataset': 'data/buildings_1740.csv', 'column': 'owner_family_name', 'matches': ['dada']}}, {'family': {'dataset': 'data/buildings_1808.csv', 'column': 'owner_family_name', 'matches': ['casalari']}}]",[],2
89,How many buildings does the family of Michiel own in 1808?,personal,a single number,1,1,"[('family of Michiel', 'owner_family_name', 2), ('own', 'owner_family_name', 2)]","[True, True]","[{'family of michiel': {'dataset': 'data/buildings_1808.csv', 'column': 'owner_family_name', 'matches': ['michiel']}}, {'own': {'dataset': 'data/buildings_1808.csv', 'column': 'owner_family_name', 'matches': ['milik']}}]",[],2
90,How many buildings does the Zuanne Francesco own in 1740?,personal,a single number,2,1,[],[],[],[],0
91,Is there any correlation between the family name and the profession in 1740?,personal,yes or no,0,0,"[('family name', 'owner_family_name', 1), ('profession', 'owner_profession', 1)]","[False, False]",[],"[{'family name': {'dataset': 'data/buildings_1740.csv', 'column': 'owner_family_name'}}, {'profession': {'dataset': 'data/buildings_1740.csv', 'column': 'owner_profession'}}]",0
92,Which family owns the most number of buildings per parish on average in 1740?,personal,a single entity name,0,0,"[('family', 'owner_family_name', 1), ('number', 'building_functions_count', 1), ('parish', 'parish', 1)]","[False, True, True]","[{'number': {'dataset': 'data/buildings_1740.csv', 'column': 'building_functions_count', 'matches': ['1', '4']}}, {'parish': {'dataset': 'data/buildings_1740.csv', 'column': 'parish', 'matches': ['santa sofia', 'santa giustina', 'santa margherita', 'santa lucia']}}]","[{'family': {'dataset': 'data/buildings_1740.csv', 'column': 'owner_family_name'}}]",2
93,Which family owns the most number of buildings per district on average in 1740?,personal,a single entity name,0,0,"[('family', 'owner_family_name', 1), ('owns', 'owner_family_name', 1), ('most', 'building_functions_count', 1), ('number of buildings', 'building_functions_count', 1), ('per district', 'district', 2)]","[False, False, False, True, False]",[],"[{'family': {'dataset': 'data/buildings_1740.csv', 'column': 'owner_family_name'}}, {'owns': {'dataset': 'data/buildings_1740.csv', 'column': 'owner_family_name'}}, {'most': {'dataset': 'data/buildings_1740.csv', 'column': 'building_functions_count'}}, {'per district': {'dataset': 'data/buildings_1808.csv', 'column': 'district'}}]",0
94,How many lawyers are there in Venice in 1740?,personal,a single number,1,1,"[('lawyers', 'owner_profession', 1)]",[True],"[{'lawyers': {'dataset': 'data/buildings_1740.csv', 'column': 'owner_profession', 'matches': ['avocato', 'avvocato']}}]",[],1
95,How many cook are there in Venice in 1740?,personal,a single number,1,1,"[('cook', 'owner_profession', 1)]",[True],[],[],0
96,How many medical doctors are there in Venice in 1740?,personal,a single number,1,1,"[('medical doctors', 'owner_profession', 1)]",[True],"[{'medical doctors': {'dataset': 'data/buildings_1740.csv', 'column': 'owner_profession', 'matches': ['medico']}}]",[],1
97,What does Carlo Alberegno do in 1740?,personal,a single entity name,2,1,"[('Carlo', 'owner_first_name', 1), ('Alberegno', 'owner_family_name', 1)]","[True, True]","[{'carlo': {'dataset': 'data/buildings_1740.csv', 'column': 'owner_first_name', 'matches': ['carlo']}}, {'alberegno': {'dataset': 'data/buildings_1740.csv', 'column': 'owner_family_name', 'matches': ['alberegno']}}]",[],2
98,How many merchants are there in Venice in 1740?,personal,a single number,1,1,"[('merchants', 'owner_profession', 1)]",[True],"[{'merchants': {'dataset': 'data/buildings_1740.csv', 'column': 'owner_profession', 'matches': ['mercante da legname']}}]",[],1
99,In which parish do prosecutors inhabit the most in 1740?,personal,a single entity name,1,1,[],[],[],[],0
100,In which parish do lawyers own the most number of buildings in 1740?,personal,a single entity name,1,1,"[('In which parish', 'parish', 1), ('do lawyers own the most number of buildings', 'owner_family_name', 1), ('do lawyers own the most number of buildings', 'building_functions_count', 1)]","[False, True, True]",[],"[{'in which parish': {'dataset': 'data/buildings_1740.csv', 'column': 'parish'}}]",0
101,How much of do doctors earch from rent on average in 1740?,personal,a single number,1,1,"[('doctors', 'owner_profession', 1), ('earn', 'rent_price', 1), ('from rent', 'rent_price', 1)]","[True, False, True]","[{'doctors': {'dataset': 'data/buildings_1740.csv', 'column': 'owner_profession', 'matches': ['dottor']}}]","[{'earn': {'dataset': 'data/buildings_1740.csv', 'column': 'rent_price'}}]",1
102,Who is the richest person in term of how much they earn from rent in 1740?,personal,a single number,0,0,"[('richest person', 'owner_first_name', 1), ('richest person', 'owner_family_name', 1), ('richest person', 'owner_first_name', 2), ('richest person', 'owner_family_name', 2), ('earn from rent', 'rent_price', 1)]","[False, False, False, False, False]",[],"[{'richest person': {'dataset': 'data/buildings_1740.csv', 'column': 'owner_first_name'}}, {'richest person': {'dataset': 'data/buildings_1740.csv', 'column': 'owner_family_name'}}, {'richest person': {'dataset': 'data/buildings_1808.csv', 'column': 'owner_first_name'}}, {'richest person': {'dataset': 'data/buildings_1808.csv', 'column': 'owner_family_name'}}, {'earn from rent': {'dataset': 'data/buildings_1740.csv', 'column': 'rent_price'}}]",0
103,Is there a significant difference in rent prices based on the profession of the building owner in 1740?,personal,yes or no,0,0,"[('rent prices', 'rent_price', 1), ('profession', 'owner_profession', 1)]","[False, False]",[],"[{'rent prices': {'dataset': 'data/buildings_1740.csv', 'column': 'rent_price'}}, {'profession': {'dataset': 'data/buildings_1740.csv', 'column': 'owner_profession'}}]",0
104,What is the most common building functions of buildings owned by the same family in 1740?,personal,a single entity name,0,0,"[('building functions', 'building_functions', 1), ('owned by the same family', 'owner_family_name', 1)]","[False, False]",[],"[{'building functions': {'dataset': 'data/buildings_1740.csv', 'column': 'building_functions'}}, {'owned by the same family': {'dataset': 'data/buildings_1740.csv', 'column': 'owner_family_name'}}]",0
105,What is the most common building functions of buildings owned by the same family in 1808?,personal,a single entity name,0,0,"[('building functions', 'Building_Functions', 2), ('owned by the same family', 'owner_family_name', 1), ('owned by the same family', 'owner_family_name', 2)]","[False, False, False]",[],"[{'building functions': {'dataset': 'data/buildings_1808.csv', 'column': 'building_functions'}}, {'owned by the same family': {'dataset': 'data/buildings_1740.csv', 'column': 'owner_family_name'}}, {'owned by the same family': {'dataset': 'data/buildings_1808.csv', 'column': 'owner_family_name'}}]",0
106,What type of building is owned the most by lawyers in 1740?,personal,a single entity name,1,1,"[('What type of building', 'building_functions', 1), ('owned the most by lawyers', 'owner_profession', 1), ('owned the most by lawyers', 'owner_family_name', 1)]","[False, True, True]","[{'owned the most by lawyers': {'dataset': 'data/buildings_1740.csv', 'column': 'owner_profession', 'matches': ['avocato']}}]","[{'what type of building': {'dataset': 'data/buildings_1740.csv', 'column': 'building_functions'}}]",1
107,What type of building is owned the most by doctors in 1740?,personal,a single entity name,1,1,"[('What type of building', 'building_functions', 1), ('owned the most by doctors', 'owner_profession', 1)]","[False, True]","[{'owned the most by doctors': {'dataset': 'data/buildings_1740.csv', 'column': 'owner_profession', 'matches': ['medico']}}]","[{'what type of building': {'dataset': 'data/buildings_1740.csv', 'column': 'building_functions'}}]",1
108,How many people were relocated by more than 1km from 1740 to 1808?,comparison,a single number,0,0,"[('people', 'owner_first_name', 2), ('people', 'owner_family_name', 2), ('relocated by more than 1km', None, None)]","[False, False, True]",[],"[{'people': {'dataset': 'data/buildings_1808.csv', 'column': 'owner_first_name'}}, {'people': {'dataset': 'data/buildings_1808.csv', 'column': 'owner_family_name'}}]",0
109,What is the average distance moved by individuals who owned buildings in both 1740 and 1808?,comparison,a single number,0,0,"[('individuals', 'owner_first_name', 1), ('individuals', 'owner_family_name', 1), ('owned buildings', 'building_functions_count', 1), ('owned buildings', 'rent_price', 1)]","[False, False, False, False]",[],"[{'individuals': {'dataset': 'data/buildings_1740.csv', 'column': 'owner_first_name'}}, {'individuals': {'dataset': 'data/buildings_1740.csv', 'column': 'owner_family_name'}}, {'owned buildings': {'dataset': 'data/buildings_1740.csv', 'column': 'building_functions_count'}}, {'owned buildings': {'dataset': 'data/buildings_1740.csv', 'column': 'rent_price'}}]",0
110,How many more buildings does the family of Michiel own in 1808 compared to 1740?,comparison,a single number,1,1,"[('How many more', None, None), ('the family of Michiel', 'owner_family_name', 1), ('own', 'owner_first_name', 1), ('in 1740', None, 1), ('compared to 1808', None, 2)]","[False, True, True, False, True]","[{'the family of michiel': {'dataset': 'data/buildings_1740.csv', 'column': 'owner_family_name', 'matches': ['aquisti michiel']}}, {'own': {'dataset': 'data/buildings_1740.csv', 'column': 'owner_first_name', 'matches': ['domenego']}}]",[],2
111,Which profession exhibited the highest rate of relocation compared to others from 1740 to 1808?,comparison,a single entity name,0,0,"[('profession', 'owner_profession', 1), ('building_functions_count', 'building_functions_count', 2)]","[False, False]",[],"[{'profession': {'dataset': 'data/buildings_1740.csv', 'column': 'owner_profession'}}, {'building_functions_count': {'dataset': 'data/buildings_1808.csv', 'column': 'building_functions_count'}}]",0
112,How many families own more buildings in 1808 than what they owned in 1740?,comparison,a single number,0,0,"[('How many families', 'owner_family_name', 1), ('How many families', 'owner_family_name', 2), ('own more buildings', 'building_functions_count', 1), ('in 1808 than what they owned in 1740', 'building_functions_count', 1)]","[False, False, False, True]",[],"[{'how many families': {'dataset': 'data/buildings_1740.csv', 'column': 'owner_family_name'}}, {'how many families': {'dataset': 'data/buildings_1808.csv', 'column': 'owner_family_name'}}, {'own more buildings': {'dataset': 'data/buildings_1740.csv', 'column': 'building_functions_count'}}]",0
113,How many families relocated their buildings closer to squares from 1740 to 1808?,comparison,a single number,1,0,"[('families', 'owner_family_name', 1), ('buildings', 'building_functions', 1), ('squares', 'landmark_type', 3), ('1740', None, None), ('1808', None, None)]","[False, False, True, True, False]","[{'squares': {'dataset': 'data/landmarks.csv', 'column': 'landmark_type', 'matches': ['square']}}]","[{'families': {'dataset': 'data/buildings_1740.csv', 'column': 'owner_family_name'}}, {'buildings': {'dataset': 'data/buildings_1740.csv', 'column': 'building_functions'}}]",1
114,How many families relocated their buildings further away from squares from 1740 to 1808?,comparison,a single number,1,0,"[('families', 'owner_family_name', 1), ('squares', 'Landmark_Type', 3)]","[False, True]","[{'squares': {'dataset': 'data/landmarks.csv', 'column': 'landmark_type', 'matches': ['square']}}]","[{'families': {'dataset': 'data/buildings_1740.csv', 'column': 'owner_family_name'}}]",1
115,How many more buildings are located within 100 meters from the closest squares in 1808 compared to 1740?,comparison,a single number,1,0,"[('squares', 'landmark_name', 3), ('buildings', 'building_functions_count', 1), ('distance', 'longitude', 1), ('closest', 'parish', 1), ('100 meters', None, None), ('1808', 'year', None)]","[True, False, True, True, True, True]",[],"[{'buildings': {'dataset': 'data/buildings_1740.csv', 'column': 'building_functions_count'}}]",0
116,How many less buildings are located within 100 meters from the closest  squares in 1808 compared to 1740?,comparison,a single number,1,0,"[('buildings', 'building_functions_count', 1), ('squares', 'landmark_name', 3), ('less', None, None), ('100 meters', None, None)]","[True, True, False, False]",[],[],0
117,How many families present in Venice in 1740 still exist in 1808?,comparison,a single number,0,0,"[('families', 'owner_family_name', 1), ('families', 'owner_family_name', 2)]","[False, False]",[],"[{'families': {'dataset': 'data/buildings_1740.csv', 'column': 'owner_family_name'}}, {'families': {'dataset': 'data/buildings_1808.csv', 'column': 'owner_family_name'}}]",0
118,Does the family of Michiel exist in both periods?,comparison,yes or no,2,1,"[('family', 'owner_family_name', 1), ('family', 'owner_family_name', 2), ('Michiel', 'owner_first_name', 1), ('Michiel', 'owner_first_name', 2)]","[False, False, False, True]","[{'michiel': {'dataset': 'data/buildings_1808.csv', 'column': 'owner_first_name', 'matches': ['michiel']}}]","[{'family': {'dataset': 'data/buildings_1740.csv', 'column': 'owner_family_name'}}, {'family': {'dataset': 'data/buildings_1808.csv', 'column': 'owner_family_name'}}, {'michiel': {'dataset': 'data/buildings_1740.csv', 'column': 'owner_first_name'}}]",1
119,How many more buildings does the family of Michiel own in 1808 compared to 1740?,comparison,a single number,2,1,"[('How many more', None, None), ('the family of Michiel', 'owner_family_name', 1), ('own', 'owner_first_name', 1), ('in 1740', None, 1), ('compared to 1808', None, 2)]","[False, True, True, False, True]","[{'the family of michiel': {'dataset': 'data/buildings_1740.csv', 'column': 'owner_family_name', 'matches': ['aquisti michiel']}}, {'own': {'dataset': 'data/buildings_1740.csv', 'column': 'owner_first_name', 'matches': ['domenego']}}]",[],2
120,Does the family of Michiel exist in both periods?,comparison,yes or no,1,1,"[('family', 'owner_family_name', 1), ('family', 'owner_family_name', 2), ('Michiel', 'owner_first_name', 1), ('Michiel', 'owner_first_name', 2)]","[False, False, False, True]","[{'michiel': {'dataset': 'data/buildings_1808.csv', 'column': 'owner_first_name', 'matches': ['michiel']}}]","[{'family': {'dataset': 'data/buildings_1740.csv', 'column': 'owner_family_name'}}, {'family': {'dataset': 'data/buildings_1808.csv', 'column': 'owner_family_name'}}, {'michiel': {'dataset': 'data/buildings_1740.csv', 'column': 'owner_first_name'}}]",1
121,Does the family of Michiel exist in both periods?,comparison,yes or no,1,1,"[('family', 'owner_family_name', 1), ('family', 'owner_family_name', 2), ('Michiel', 'owner_first_name', 1), ('Michiel', 'owner_first_name', 2)]","[False, False, False, True]","[{'michiel': {'dataset': 'data/buildings_1808.csv', 'column': 'owner_first_name', 'matches': ['michiel']}}]","[{'family': {'dataset': 'data/buildings_1740.csv', 'column': 'owner_family_name'}}, {'family': {'dataset': 'data/buildings_1808.csv', 'column': 'owner_family_name'}}, {'michiel': {'dataset': 'data/buildings_1740.csv', 'column': 'owner_first_name'}}]",1
122,Does the family of Michiel exist in both periods?,comparison,yes or no,1,1,"[('family', 'owner_family_name', 1), ('family', 'owner_family_name', 2), ('Michiel', 'owner_first_name', 1), ('Michiel', 'owner_first_name', 2)]","[False, False, False, True]","[{'michiel': {'dataset': 'data/buildings_1808.csv', 'column': 'owner_first_name', 'matches': ['michiel']}}]","[{'family': {'dataset': 'data/buildings_1740.csv', 'column': 'owner_family_name'}}, {'family': {'dataset': 'data/buildings_1808.csv', 'column': 'owner_family_name'}}, {'michiel': {'dataset': 'data/buildings_1740.csv', 'column': 'owner_first_name'}}]",1
123,Which family increased the number of buildings they owned the most from 1740 to 1808?,comparison,a single entity name,0,0,"[('family', 'owner_family_name', 1), ('family', 'owner_family_name', 2), ('increased the number of buildings they owned', 'building_functions_count', 1), ('increased the number of buildings they owned', 'building_functions_count', 2)]","[False, True, False, True]","[{'family': {'dataset': 'data/buildings_1808.csv', 'column': 'owner_family_name', 'matches': ['casalari']}}]","[{'family': {'dataset': 'data/buildings_1740.csv', 'column': 'owner_family_name'}}, {'increased the number of buildings they owned': {'dataset': 'data/buildings_1740.csv', 'column': 'building_functions_count'}}]",1
124,How many building changed from residential to commercial use between 1740 and 1808?,comparison,a single number,4,1,"[('building', 'owner_first_name', 1), ('building', 'tenant_name', 1), ('building', 'building_functions', 1), ('building', 'building_functions', 2), ('residential', 'building_functions', 1), ('commercial', 'building_functions', 1), ('commercial', 'building_functions', 2)]","[False, False, False, True, True, True, True]","[{'building': {'dataset': 'data/buildings_1808.csv', 'column': 'building_functions', 'matches': ['casa', 'appartamento, luogo']}}, {'residential': {'dataset': 'data/buildings_1740.csv', 'column': 'building_functions', 'matches': ['appartamento', 'appartamento, casa']}}, {'commercial': {'dataset': 'data/buildings_1740.csv', 'column': 'building_functions', 'matches': ['magazzeno', 'calle', 'calle, magazzeno']}}, {'commercial': {'dataset': 'data/buildings_1808.csv', 'column': 'building_functions', 'matches': ['magazzeno']}}]","[{'building': {'dataset': 'data/buildings_1740.csv', 'column': 'owner_first_name'}}, {'building': {'dataset': 'data/buildings_1740.csv', 'column': 'tenant_name'}}, {'building': {'dataset': 'data/buildings_1740.csv', 'column': 'building_functions'}}]",4
125,Do all buildings owned by the same people in both periods still serve the same function?,comparison,yes or no,0,0,"[('owned by the same people', 'owner_first_name', 1), ('owned by the same people', 'owner_family_name', 1), ('serve the same function', 'building_functions', 1), ('serve the same function', 'building_functions', 2)]","[False, False, False, True]",[],"[{'owned by the same people': {'dataset': 'data/buildings_1740.csv', 'column': 'owner_first_name'}}, {'owned by the same people': {'dataset': 'data/buildings_1740.csv', 'column': 'owner_family_name'}}, {'serve the same function': {'dataset': 'data/buildings_1740.csv', 'column': 'building_functions'}}]",0
126,How many buildings retained the same function across the two time periods?,comparison,a single number,0,0,"[('buildings', 'building_functions_count', 1), ('buildings', 'building_functions_count', 2), ('retained the same function', 'building_functions', 1), ('retained the same function', 'building_functions', 2)]","[False, False, True, True]",[],"[{'buildings': {'dataset': 'data/buildings_1740.csv', 'column': 'building_functions_count'}}, {'buildings': {'dataset': 'data/buildings_1808.csv', 'column': 'building_functions_count'}}]",0
127,How many new families appeared in Venice in 1808 that were not present in 1740?,comparison,a single number,0,0,"[('new families', 'owner_family_name', 1), ('new families', 'owner_family_name', 2)]","[False, False]",[],"[{'new families': {'dataset': 'data/buildings_1740.csv', 'column': 'owner_family_name'}}, {'new families': {'dataset': 'data/buildings_1808.csv', 'column': 'owner_family_name'}}]",0
128,Is there any decrease in the number of buildings held by a family on average from 1740 to 1808?,comparison,yes or no,0,0,"[('number of buildings', 'building_functions_count', 1), ('number of buildings', 'building_functions_count', 2), ('family', 'owner_family_name', 1), ('family', 'owner_family_name', 2)]","[True, False, False, False]",[],"[{'number of buildings': {'dataset': 'data/buildings_1808.csv', 'column': 'building_functions_count'}}, {'family': {'dataset': 'data/buildings_1740.csv', 'column': 'owner_family_name'}}, {'family': {'dataset': 'data/buildings_1808.csv', 'column': 'owner_family_name'}}]",0
129,Are there any families who moved closer to the churches in general from 1740 to 1808?,comparison,yes or no,1,0,"[('families', 'owner_family_name', 1), ('families', 'owner_family_name', 2), ('churches', 'Landmark_Type', 3)]","[False, False, True]","[{'churches': {'dataset': 'data/landmarks.csv', 'column': 'landmark_type', 'matches': ['church']}}]","[{'families': {'dataset': 'data/buildings_1740.csv', 'column': 'owner_family_name'}}, {'families': {'dataset': 'data/buildings_1808.csv', 'column': 'owner_family_name'}}]",1
130,Are there any families who moved further away from the churches in general from 1740 to 1808?,comparison,yes or no,1,0,"[('families', 'owner_family_name', 1), ('families', 'owner_family_name', 2), ('churches', 'Landmark_Type', 3)]","[False, False, True]","[{'churches': {'dataset': 'data/landmarks.csv', 'column': 'landmark_type', 'matches': ['church']}}]","[{'families': {'dataset': 'data/buildings_1740.csv', 'column': 'owner_family_name'}}, {'families': {'dataset': 'data/buildings_1808.csv', 'column': 'owner_family_name'}}]",1
131,How many families who owned buildings in both 1740 and 1808 changed the type of buildings they owned?,comparison,a single number,0,0,"[('families', 'owner_family_name', 1), ('families', 'owner_family_name', 2), ('owned buildings', 'building_functions', 1), ('owned buildings', 'building_functions', 2), ('changed the type of buildings they owned', 'building_functions', 1), ('changed the type of buildings they owned', 'building_functions', 2)]","[False, True, False, False, True, True]","[{'families': {'dataset': 'data/buildings_1808.csv', 'column': 'owner_family_name', 'matches': ['falier', 'milesi']}}]","[{'families': {'dataset': 'data/buildings_1740.csv', 'column': 'owner_family_name'}}, {'owned buildings': {'dataset': 'data/buildings_1740.csv', 'column': 'building_functions'}}, {'owned buildings': {'dataset': 'data/buildings_1808.csv', 'column': 'building_functions'}}]",1
132,Did any families transition from being tenants in 1740 to building owners in 1808?,comparison,a single entity name,0,0,"[('families', 'owner_family_name', 1), ('tenants', 'tenant_name', 1), ('building owners', 'owner_first_name', 2)]","[False, True, True]","[{'tenants': {'dataset': 'data/buildings_1740.csv', 'column': 'tenant_name', 'matches': ['giovanni battista talota', 'domenico zane']}}, {'building owners': {'dataset': 'data/buildings_1808.csv', 'column': 'owner_first_name', 'matches': ['architetto']}}]","[{'families': {'dataset': 'data/buildings_1740.csv', 'column': 'owner_family_name'}}]",2
133,Have the squares with the most number of commercial buildings within 100 meters changed from 1740 to 1808?,comparison,yes or no,3,0,"[('squares', 'landmark_name', 3), ('commercial buildings', 'building_functions', 1), ('1740', None, None), ('1808', None, None)]","[True, True, True, True]","[{'commercial buildings': {'dataset': 'data/buildings_1740.csv', 'column': 'building_functions', 'matches': ['calle, magazzeno']}}]",[],1
134,How many buildings are located within 100 meters from the closest church in 1808 compared to 1740?,comparison,a single number,1,0,"[('buildings', 'building_functions_count', 1), ('buildings', 'building_functions_count', 2), ('church', 'landmark_name', 3)]","[True, True, True]","[{'church': {'dataset': 'data/landmarks.csv', 'column': 'landmark_name', 'matches': ['campo de la chiesa', 'chiesa degli ognissanti', 'chiesa delle eremite']}}]",[],1
135,How many more buildings are located within 100 meters from the square of San Marco in 1808 compared to 1740?,comparison,a single number,1,0,"[('San Marco', 'landmark_name', 3), ('square', 'Landmark_Type', 3), ('buildings', 'building_functions_count', 1), ('buildings', 'building_functions_count', 2)]","[True, True, True, True]","[{'san marco': {'dataset': 'data/landmarks.csv', 'column': 'landmark_name', 'matches': ['piazza san marco']}}, {'square': {'dataset': 'data/landmarks.csv', 'column': 'landmark_type', 'matches': ['square']}}]",[],2
136,What are the names of the most densely populated squares with the most number of buildings within 100 meters in both periods 1740 and 1808?,comparison,a single entity name,1,0,"[('squares', 'Landmark_Type', 3), ('building_functions_count', 'building_functions_count', 1), ('building_functions', 'building_functions', 1), ('building_area', 'building_area', 2)]","[True, True, True, True]","[{'squares': {'dataset': 'data/landmarks.csv', 'column': 'landmark_type', 'matches': ['square']}}]",[],1
137,Which type of a building have been moved further away from the churches the most from 1740 to 1808?,comparison,a single entity name,1,0,"[('type of building', 'building_functions', 1), ('churches', 'parish', 1), ('moved further away', None, -1), ('from 1740 to 1808', None, -1)]","[False, False, False, False]",[],"[{'type of building': {'dataset': 'data/buildings_1740.csv', 'column': 'building_functions'}}, {'churches': {'dataset': 'data/buildings_1740.csv', 'column': 'parish'}}]",0
138,Which type of a building have been moved closer to the churches the most from 1740 to 1808?,comparison,a single entity name,1,0,"[('type of building', 'building_functions', 1), ('churches', 'landmark_name', 3), ('1740', None, None), ('1808', None, None)]","[False, True, False, False]","[{'churches': {'dataset': 'data/landmarks.csv', 'column': 'landmark_name', 'matches': ['campo de la chiesa', 'campo drio la chiesa', 'chiesa degli ognissanti', 'chiesa delle eremite']}}]","[{'type of building': {'dataset': 'data/buildings_1740.csv', 'column': 'building_functions'}}]",1
139,Did the number of buildings with more than one function increase over time from 1740 to 1808?,comparison,yes or no,0,0,"[('number of', 'building_functions_count', 1), ('buildings', 'owner_family_name', 1), ('more than one function', 'building_functions', 1), ('over time', None, None)]","[False, False, True, False]",[],"[{'number of': {'dataset': 'data/buildings_1740.csv', 'column': 'building_functions_count'}}, {'buildings': {'dataset': 'data/buildings_1740.csv', 'column': 'owner_family_name'}}]",0
140,Did the family of Michiel loose any of their buildings from 1740 to 1808?,comparison,yes or no,1,1,[],[],[],[],0
