id,question,category,answer_format,n_matches,entity_match,column_mappings,phrase_matches,n_matches_predict
1,What is the average rent price of all buildings that are located within 100 meters from the closest church in 1740?,spatial,a single number,1,0,"[('church', 'landmark_type', 3), ('longitude', 'longitude', 1), ('latitude', 'latitude', 1), ('longitude', 'longitude', 2), ('latitude', 'latitude', 2)]","[{'church': {'dataset': 'data/landmarks.csv', 'column': 'landmark_type', 'matches': ['church']}}]",1
2,What is the average building area of all buildings that are located within 100 meters from the closest church in 1808?,spatial,a single number,1,0,"[('building_area', 'building_area', '2'), ('landmark_name', 'landmark_name', '3')]",[],0
3,Which square has the highest density of tenants within 100 meters in 1740?,spatial,a single entity name,1,0,"[('square', 'landmark_type', 3), ('tenants', 'building_functions_count', 1), ('longitude', 'longitude', 1), ('latitude', 'latitude', 1), ('longitude', 'longitude', 2), ('latitude', 'latitude', 2)]","[{'square': {'dataset': 'data/landmarks.csv', 'column': 'landmark_type', 'matches': ['square']}}]",1
4,Which square has the highest density of buildings within 100 meters in 1808?,spatial,a single entity name,1,0,"[('square', 'landmark_type', 3), ('building_area', 'building_area', 2)]","[{'square': {'dataset': 'data/landmarks.csv', 'column': 'landmark_type', 'matches': ['square']}}]",1
5,Is the building rent price correlated with the distance from the nearest square in 1740?,spatial,yes or no,1,0,"[('building rent price', 'rent_price', 1), ('distance from the nearest square', 'longitude', 1), ('distance from the nearest square', 'latitude', 1), ('distance from the nearest square', 'longitude', 3), ('distance from the nearest square', 'latitude', 3)]",[],0
6,Is the building area correlated with the distance from the nearest square in 1808?,spatial,yes or no,1,0,"[('building area', 'building_area', '2'), ('distance from the nearest square', 'landmark_type', '3'), ('longitude', 'longitude', '2'), ('latitude', 'latitude', '2')]","[{'distance from the nearest square': {'dataset': 'data/landmarks.csv', 'column': 'landmark_type', 'matches': ['square']}}]",1
7,In which parish the houses are the most densely located in 1740?,spatial,a single entity name,1,1,"[('houses', 'building_functions', 1), ('parish', 'parish', 1)]","[{'houses': {'dataset': 'data/buildings_1740.csv', 'column': 'building_functions', 'matches': ['casa', 'casa, orto', 'appartamento, casa', 'casa, scala']}}, {'parish': {'dataset': 'data/buildings_1740.csv', 'column': 'parish', 'matches': ['santa sofia', 'santa giustina', 'santa margherita', 'santa lucia']}}]",2
8,In which district the houses are the most densely located in 1808?,spatial,a single entity name,1,1,"[('houses', 'building_functions', 2), ('district', 'district', 2), ('densely located', 'building_area', 2)]","[{'houses': {'dataset': 'data/buildings_1808.csv', 'column': 'building_functions', 'matches': ['casa', 'casa, loggia', 'casa, tintoria', 'bottega, casa, locanda', 'appartamento, casa', 'casa, luogo', 'casa, orto']}}]",1
9,In how many parishes there are more than 10 houses in 1740?,spatial,a single number,1,1,[],[],0
10,In how many parishes there are more than 1 school in 1740?,spatial,a single number,1,1,"[('parishes', 'parish', 1), ('school', 'building_functions', 1)]","[{'parishes': {'dataset': 'data/buildings_1740.csv', 'column': 'parish', 'matches': ['santa giustina']}}, {'school': {'dataset': 'data/buildings_1740.csv', 'column': 'building_functions', 'matches': ['scuola']}}]",2
11,In how many parishes there are less than 10 shops in 1740?,spatial,a single number,1,1,"[('parishes', 'parish', 1), ('shops', 'building_functions', 1)]","[{'parishes': {'dataset': 'data/buildings_1740.csv', 'column': 'parish', 'matches': ['santa giustina']}}, {'shops': {'dataset': 'data/buildings_1740.csv', 'column': 'building_functions', 'matches': ['calle, magazzeno']}}]",2
12,In how many districts there are more than 10 houses in 1808?,spatial,a single number,1,1,"[('districts', 'district', '2'), ('houses', 'building_functions', '2')]","[{'houses': {'dataset': 'data/buildings_1808.csv', 'column': 'building_functions', 'matches': ['casa', 'casa, loggia', 'casa, tintoria', 'bottega, casa, locanda', 'appartamento, casa', 'casa, luogo', 'casa, orto']}}]",1
13,In how many districts there are more than 1 school in 1808?,spatial,a single number,1,1,"[('districts', 'district', '2'), ('more than 1 school', 'building_functions', '2')]","[{'more than 1 school': {'dataset': 'data/buildings_1808.csv', 'column': 'building_functions', 'matches': ['magazzeno, scuola']}}]",1
14,In how many districts there are less than 10 shops in 1808?,spatial,a single number,1,1,"[('districts', 'district', 2), ('shops', 'building_functions', 2), ('less than 10', 'building_functions_count', 2)]","[{'shops': {'dataset': 'data/buildings_1808.csv', 'column': 'building_functions', 'matches': ['locale, magazzeno']}}]",1
15,Are low-rent buildings with less than average rent price clustered in specific areas in 1740?,spatial,yes or no,0,0,[],[],0
16,Are small buildings with smaller than average building size clustered in specific areas in 1808?,spatial,yes or no,0,0,"[('small buildings', 'building_functions', 2), ('smaller than average building size', 'building_area', 2), ('specific areas', 'district', 2)]","[{'small buildings': {'dataset': 'data/buildings_1808.csv', 'column': 'building_functions', 'matches': ['bottega, casa, corto, magazzeno, portico', 'casa, corto, portico']}}]",1
17,How many people live within 100 meters from the closest church in 1740?,spatial,a single number,1,0,"[('people', 'owner_first_name', 1), ('people', 'tenant_name', 1), ('people', 'owner_first_name', 2), ('live', 'building_functions', 1), ('live', 'building_functions', 2), ('church', 'landmark_name', 3)]","[{'people': {'dataset': 'data/buildings_1740.csv', 'column': 'owner_first_name', 'matches': ['ottavio', 'ludovico', 'ottavia', 'vita']}}, {'people': {'dataset': 'data/buildings_1740.csv', 'column': 'tenant_name', 'matches': ['domenico persone', 'iseppo persone']}}, {'people': {'dataset': 'data/buildings_1808.csv', 'column': 'owner_first_name', 'matches': ['ottavio', 'giudo', 'redenti', 'amadio', 'gioavnni', 'vita']}}, {'live': {'dataset': 'data/buildings_1740.csv', 'column': 'building_functions', 'matches': ['casa']}}, {'live': {'dataset': 'data/buildings_1808.csv', 'column': 'building_functions', 'matches': ['casa']}}, {'church': {'dataset': 'data/landmarks.csv', 'column': 'landmark_name', 'matches': ['campo de la chiesa', 'chiesa degli ognissanti', 'chiesa delle eremite']}}]",6
18,How many people live within 100 meters from the closest church in 1808?,spatial,a single number,1,0,"[('people', 'owner_first_name', 2), ('people', 'tenant_name', 2), ('church', 'landmark_type', 3), ('live', 'building_functions', 2), ('within 100 meters from the closest church', 'longitude', 2), ('within 100 meters from the closest church', 'latitude', 2)]","[{'people': {'dataset': 'data/buildings_1808.csv', 'column': 'owner_first_name', 'matches': ['ottavio', 'giudo', 'redenti', 'amadio', 'gioavnni', 'vita']}}, {'church': {'dataset': 'data/landmarks.csv', 'column': 'landmark_type', 'matches': ['church']}}, {'live': {'dataset': 'data/buildings_1808.csv', 'column': 'building_functions', 'matches': ['casa']}}]",3
19,"On average, how much more expensive are houses near the squares within 100 meters compared to those further away in 1740?",spatial,a single number,2,1,"[('houses', 'building_functions', 1), ('squares', 'landmark_type', 3), ('longitude', 'longitude', 1), ('latitude', 'latitude', 1), ('building_functions_count', 'building_functions_count', 1)]","[{'houses': {'dataset': 'data/buildings_1740.csv', 'column': 'building_functions', 'matches': ['casa', 'casa, orto', 'appartamento, casa', 'casa, scala']}}, {'squares': {'dataset': 'data/landmarks.csv', 'column': 'landmark_type', 'matches': ['square']}}]",2
20,"On average, how much more expensive are workshops near the squares within 100 meters compared to those further away in 1740?",spatial,a single number,2,1,"[('workshops', 'building_functions', 1), ('squares', 'landmark_type', 3), ('longitude', 'longitude', 1), ('latitude', 'latitude', 1), ('longitude', 'longitude', 2), ('latitude', 'latitude', 2), ('rent_price', 'rent_price', 1), ('building_area', 'building_area', 2), ('more expensive', 'rent_price', 1)]","[{'workshops': {'dataset': 'data/buildings_1740.csv', 'column': 'building_functions', 'matches': ['magazzeno, orto']}}, {'squares': {'dataset': 'data/landmarks.csv', 'column': 'landmark_type', 'matches': ['square']}}]",2
21,"On average, how much more expensive are schools near the squares within 100 meters compared to those further away in 1740?",spatial,a single number,2,1,"[('schools', 'building_functions', '1'), ('squares', 'landmark_name', '3')]","[{'schools': {'dataset': 'data/buildings_1740.csv', 'column': 'building_functions', 'matches': ['scuola']}}]",1
22,"On average, how much bigger are houses near the squares within 100 meters compared to those further away in 1808?",spatial,a single number,2,1,"[('houses', 'building_functions', '1'), ('houses', 'building_functions', '2'), ('squares', 'landmark_type', '3'), ('longitude', 'longitude', '1'), ('latitude', 'latitude', '1'), ('longitude', 'longitude', '2'), ('latitude', 'latitude', '2')]","[{'houses': {'dataset': 'data/buildings_1740.csv', 'column': 'building_functions', 'matches': ['casa', 'casa, orto', 'appartamento, casa', 'casa, scala']}}, {'houses': {'dataset': 'data/buildings_1808.csv', 'column': 'building_functions', 'matches': ['casa', 'casa, loggia', 'casa, tintoria', 'bottega, casa, locanda', 'appartamento, casa', 'casa, luogo', 'casa, orto']}}, {'squares': {'dataset': 'data/landmarks.csv', 'column': 'landmark_type', 'matches': ['square']}}]",3
23,"On average, how much bigger are workshops near the squares within 100 meters compared to those further away in 1808?",spatial,a single number,2,1,"[('workshops', 'building_functions', 1), ('squares', 'landmark_type', 3), ('within 100 meters', 'longitude', 1), ('within 100 meters', 'latitude', 1), ('those further away', 'longitude', 1), ('those further away', 'latitude', 1), ('workshops', 'building_functions', 2), ('within 100 meters', 'longitude', 2), ('within 100 meters', 'latitude', 2), ('those further away', 'longitude', 2), ('those further away', 'latitude', 2)]","[{'workshops': {'dataset': 'data/buildings_1740.csv', 'column': 'building_functions', 'matches': ['magazzeno, orto']}}, {'squares': {'dataset': 'data/landmarks.csv', 'column': 'landmark_type', 'matches': ['square']}}, {'workshops': {'dataset': 'data/buildings_1808.csv', 'column': 'building_functions', 'matches': ['cantiere', 'magazzeno, raffinaria']}}]",3
24,"On average, how much bigger are schools near the squares within 100 meters compared to those further away in 1808?",spatial,a single number,2,1,"[('schools', 'building_functions', 2), ('squares', 'landmark_name', 3), ('100 meters', 'longitude', 2), ('100 meters', 'latitude', 2)]","[{'schools': {'dataset': 'data/buildings_1808.csv', 'column': 'building_functions', 'matches': ['magazzeno, scuola']}}]",1
25,"On average, how much more expensive are houses near the churches within 100 meters compared to those further away in 1740?",spatial,a single number,2,1,"[('houses', 'building_functions', 1), ('churches', 'landmark_type', 3), ('100 meters', 'longitude', 1), ('100 meters', 'latitude', 1)]","[{'houses': {'dataset': 'data/buildings_1740.csv', 'column': 'building_functions', 'matches': ['casa', 'casa, orto', 'appartamento, casa', 'casa, scala']}}, {'churches': {'dataset': 'data/landmarks.csv', 'column': 'landmark_type', 'matches': ['church']}}]",2
26,"On average, how much more expensive are workshops near the churches within 100 meters compared to those further away in 1740?",spatial,a single number,2,1,"[('workshops', 'building_functions', 1), ('workshops', 'building_functions', 2), ('churches', 'landmark_type', 3), ('100 meters', 'longitude', 1), ('100 meters', 'latitude', 1), ('near', 'longitude', 1), ('near', 'latitude', 1), ('those further away', 'longitude', 1), ('those further away', 'latitude', 1), ('in 1740', 'dataset', 1), ('in 1808', 'dataset', 2)]","[{'workshops': {'dataset': 'data/buildings_1740.csv', 'column': 'building_functions', 'matches': ['magazzeno, orto']}}, {'workshops': {'dataset': 'data/buildings_1808.csv', 'column': 'building_functions', 'matches': ['cantiere', 'magazzeno, raffinaria']}}, {'churches': {'dataset': 'data/landmarks.csv', 'column': 'landmark_type', 'matches': ['church']}}]",3
27,"On average, how much more expensive are schools near the churches within 100 meters compared to those further away in 1740?",spatial,a single number,2,1,"[('schools', 'building_functions', 1), ('churches', 'landmark_name', 3), ('100 meters', 'longitude', 1), ('100 meters', 'latitude', 1), ('100 meters', 'longitude', 2), ('100 meters', 'latitude', 2), ('100 meters', 'longitude', 3), ('100 meters', 'latitude', 3)]","[{'schools': {'dataset': 'data/buildings_1740.csv', 'column': 'building_functions', 'matches': ['scuola']}}, {'churches': {'dataset': 'data/landmarks.csv', 'column': 'landmark_name', 'matches': ['campo de la chiesa', 'campo drio la chiesa', 'chiesa degli ognissanti', 'chiesa delle eremite']}}]",2
28,"On average, how much bigger are houses near the churches within 100 meters compared to those further away in 1808?",spatial,a single number,2,1,"[('houses', 'building_functions', '1'), ('houses', 'building_functions', '2'), ('churches', 'landmark_type', '3'), ('100 meters', 'building_area', '2')]","[{'houses': {'dataset': 'data/buildings_1740.csv', 'column': 'building_functions', 'matches': ['casa', 'casa, orto', 'appartamento, casa', 'casa, scala']}}, {'houses': {'dataset': 'data/buildings_1808.csv', 'column': 'building_functions', 'matches': ['casa', 'casa, loggia', 'casa, tintoria', 'bottega, casa, locanda', 'appartamento, casa', 'casa, luogo', 'casa, orto']}}, {'churches': {'dataset': 'data/landmarks.csv', 'column': 'landmark_type', 'matches': ['church']}}, {'100 meters': {'dataset': 'data/buildings_1808.csv', 'column': 'building_area', 'matches': ['100.68', '100.139', '100.149', '100.003', '100.144']}}]",4
29,"On average, how much bigger are workshops near the churches within 100 meters compared to those further away in 1808?",spatial,a single number,2,1,"[('workshops', 'building_functions', '2'), ('churches', 'landmark_type', '3'), ('100 meters', 'longitude', '2'), ('100 meters', 'latitude', '2')]","[{'workshops': {'dataset': 'data/buildings_1808.csv', 'column': 'building_functions', 'matches': ['cantiere', 'magazzeno, raffinaria']}}, {'churches': {'dataset': 'data/landmarks.csv', 'column': 'landmark_type', 'matches': ['church']}}]",2
30,"On average, how much bigger are schools near the churches within 100 meters compared to those further away in 1808?",spatial,a single number,2,1,"[('schools', 'building_functions', 1), ('churches', 'landmark_name', 3), ('100 meters', 'building_area', 2)]","[{'schools': {'dataset': 'data/buildings_1740.csv', 'column': 'building_functions', 'matches': ['scuola']}}, {'churches': {'dataset': 'data/landmarks.csv', 'column': 'landmark_name', 'matches': ['campo de la chiesa', 'campo drio la chiesa', 'chiesa degli ognissanti', 'chiesa delle eremite']}}, {'100 meters': {'dataset': 'data/buildings_1808.csv', 'column': 'building_area', 'matches': ['100.68', '100.139', '100.149', '100.003', '100.144']}}]",3
31,How many buildings are located around the square of San Marco within 100 meters in 1740?,spatial,a single number,1,1,"[('square of San Marco', 'landmark_name', 3), ('100 meters', 'longitude', 1), ('100 meters', 'latitude', 1), ('100 meters', 'longitude', 2), ('100 meters', 'latitude', 2)]","[{'square of san marco': {'dataset': 'data/landmarks.csv', 'column': 'landmark_name', 'matches': ['piazza san marco']}}]",1
32,How many buildings are located around the church of Saint Paul within 100 meters in 1740?,spatial,a single number,1,1,"[('church of Saint Paul', 'landmark_name', 3), ('buildings', 'building_functions', 1), ('buildings', 'building_functions', 2)]","[{'church of saint paul': {'dataset': 'data/landmarks.csv', 'column': 'landmark_name', 'matches': ['chiesa di saint george']}}, {'buildings': {'dataset': 'data/buildings_1740.csv', 'column': 'building_functions', 'matches': ['casa, portico', 'calle']}}, {'buildings': {'dataset': 'data/buildings_1808.csv', 'column': 'building_functions', 'matches': ['calle, portico']}}]",3
33,How many houses are located around the church of Saint Paul within 100 meters in 1740?,spatial,a single number,2,1,"[('houses', 'building_functions', '1'), ('church', 'landmark_type', '3'), ('Saint Paul', 'landmark_name', '3'), ('longitude', 'longitude', '1'), ('latitude', 'latitude', '1'), ('longitude', 'longitude', '2'), ('latitude', 'latitude', '2')]","[{'houses': {'dataset': 'data/buildings_1740.csv', 'column': 'building_functions', 'matches': ['casa', 'casa, orto', 'appartamento, casa', 'casa, scala']}}, {'church': {'dataset': 'data/landmarks.csv', 'column': 'landmark_type', 'matches': ['church']}}, {'saint paul': {'dataset': 'data/landmarks.csv', 'column': 'landmark_name', 'matches': [""sant' aponal""]}}]",3
34,How many buildings are located around the square of San Marco within 100 meters in 1808?,spatial,a single number,1,1,"[('square of San Marco', 'landmark_name', 3), ('buildings', 'building_functions', 1), ('buildings', 'building_functions', 2)]","[{'square of san marco': {'dataset': 'data/landmarks.csv', 'column': 'landmark_name', 'matches': ['piazza san marco']}}, {'buildings': {'dataset': 'data/buildings_1740.csv', 'column': 'building_functions', 'matches': ['casa, portico', 'calle']}}, {'buildings': {'dataset': 'data/buildings_1808.csv', 'column': 'building_functions', 'matches': ['calle, portico']}}]",3
35,How many buildings are located around the church of Saint Paul within 100 meters in 1808?,spatial,a single number,1,1,"[('church of Saint Paul', 'landmark_name', 3), ('buildings', 'building_functions', 1), ('buildings', 'building_functions', 2)]","[{'church of saint paul': {'dataset': 'data/landmarks.csv', 'column': 'landmark_name', 'matches': ['chiesa di saint george']}}, {'buildings': {'dataset': 'data/buildings_1740.csv', 'column': 'building_functions', 'matches': ['casa, portico', 'calle']}}, {'buildings': {'dataset': 'data/buildings_1808.csv', 'column': 'building_functions', 'matches': ['calle, portico']}}]",3
36,How many houses are located around the square of San Marco within 100 meters in 1808?,spatial,a single number,2,1,"[('houses', 'building_functions', 2), ('San Marco', 'landmark_name', 3)]","[{'houses': {'dataset': 'data/buildings_1808.csv', 'column': 'building_functions', 'matches': ['casa', 'casa, loggia', 'casa, tintoria', 'bottega, casa, locanda', 'appartamento, casa', 'casa, luogo', 'casa, orto']}}, {'san marco': {'dataset': 'data/landmarks.csv', 'column': 'landmark_name', 'matches': ['piazza san marco']}}]",2
37,Are the buildings located within 100 meters from San Marco more expensive than the buildings located within 100 meters from other squares in 1740?,spatial,yes or no,2,1,"[('buildings', 'building_functions', 1), ('buildings', 'building_functions', 2), ('located within 100 meters from San Marco', 'longitude', 1), ('located within 100 meters from San Marco', 'latitude', 1), ('San Marco', 'landmark_name', 3)]","[{'buildings': {'dataset': 'data/buildings_1740.csv', 'column': 'building_functions', 'matches': ['casa, portico', 'calle']}}, {'buildings': {'dataset': 'data/buildings_1808.csv', 'column': 'building_functions', 'matches': ['calle, portico']}}, {'san marco': {'dataset': 'data/landmarks.csv', 'column': 'landmark_name', 'matches': ['piazza san marco']}}]",3
38,Are the buildings located within 100 meters from San Marco bigger than the buildings located within 100 meters from other squares in 1808?,spatial,yes or no,2,1,"[('buildings', 'building_functions', 1), ('buildings', 'building_functions', 2), ('San Marco', 'landmark_name', 3), ('bigger', 'building_area', 2)]","[{'buildings': {'dataset': 'data/buildings_1740.csv', 'column': 'building_functions', 'matches': ['casa, portico', 'calle']}}, {'buildings': {'dataset': 'data/buildings_1808.csv', 'column': 'building_functions', 'matches': ['calle, portico']}}, {'san marco': {'dataset': 'data/landmarks.csv', 'column': 'landmark_name', 'matches': ['piazza san marco']}}]",3
39,On average how far do people live from the squares in 1740?,spatial,a single number,1,0,"[('from the squares', 'longitude', '3'), ('from the squares', 'latitude', '3')]",[],0
40,On average how far do people live from the squares in 1808?,spatial,a single number,1,0,"[('squares', 'landmark_type', 3), ('longitude', 'longitude', 2), ('latitude', 'latitude', 2)]","[{'squares': {'dataset': 'data/landmarks.csv', 'column': 'landmark_type', 'matches': ['square']}}]",1
41,Which neighborhood has the highest density of different families in 1740?,spatial,a single entity name,0,0,"[('neighborhood', 'parish', 1), ('different families', 'owner_family_name', 1)]","[{'neighborhood': {'dataset': 'data/buildings_1740.csv', 'column': 'parish', 'matches': ['ghetto vecchio']}}, {'different families': {'dataset': 'data/buildings_1740.csv', 'column': 'owner_family_name', 'matches': ['domestici']}}]",2
42,Which neighborhood has the highest density of different families in 1808?,spatial,a single entity name,0,0,"[('neighborhood', 'parish', 1), ('neighborhood', 'district', 2), ('density of different families', 'owner_family_name', 2)]","[{'neighborhood': {'dataset': 'data/buildings_1740.csv', 'column': 'parish', 'matches': ['ghetto vecchio']}}]",1
43,How many churches does each parish have on average in 1740?,spatial,a single number,1,0,"[('churches', 'building_functions', 1), ('churches', 'building_functions', 2), ('churches', 'landmark_type', 3), ('parish', 'parish', 1), ('parish', 'district', 2), ('average', 'building_functions_count', 1), ('average', 'building_area', 2)]","[{'churches': {'dataset': 'data/buildings_1740.csv', 'column': 'building_functions', 'matches': ['chiesa']}}, {'churches': {'dataset': 'data/landmarks.csv', 'column': 'landmark_type', 'matches': ['church']}}, {'parish': {'dataset': 'data/buildings_1740.csv', 'column': 'parish', 'matches': ['santa sofia', 'santa giustina', 'santa margherita', 'santa lucia']}}, {'average': {'dataset': 'data/buildings_1808.csv', 'column': 'building_area', 'matches': ['180.7']}}]",4
44,How many churches does each district have on average in 1808?,spatial,a single number,1,0,"[('churches', 'landmark_type', 3), ('district', 'district', 2)]","[{'churches': {'dataset': 'data/landmarks.csv', 'column': 'landmark_type', 'matches': ['church']}}]",1
45,Is there a significant difference in the rent prices for buildings within 100 meters from the closest churches versus from squares in 1740?,spatial,yes or no,2,0,"[('churches', 'landmark_type', 3), ('squares', 'landmark_type', 3), ('buildings', 'building_functions', 1)]","[{'churches': {'dataset': 'data/landmarks.csv', 'column': 'landmark_type', 'matches': ['church']}}, {'squares': {'dataset': 'data/landmarks.csv', 'column': 'landmark_type', 'matches': ['square']}}, {'buildings': {'dataset': 'data/buildings_1740.csv', 'column': 'building_functions', 'matches': ['casa, portico', 'calle']}}]",3
46,Is there a significant difference in the area of buildings within 100 meters from the closest churches versus from squares in 1808?,spatial,yes or no,2,0,"[('churches', 'landmark_type', 3), ('squares', 'landmark_type', 3), ('buildings', 'building_area', 2)]","[{'churches': {'dataset': 'data/landmarks.csv', 'column': 'landmark_type', 'matches': ['church']}}, {'squares': {'dataset': 'data/landmarks.csv', 'column': 'landmark_type', 'matches': ['square']}}]",2
47,Which neighborhood contains the buildings with the highest rent price on average in 1740?,spatial,a single entity name,0,0,"[('neighborhood', 'parish', 1), ('buildings', 'building_functions', 1), ('highest rent price on average', 'rent_price', 1)]","[{'neighborhood': {'dataset': 'data/buildings_1740.csv', 'column': 'parish', 'matches': ['ghetto vecchio']}}, {'buildings': {'dataset': 'data/buildings_1740.csv', 'column': 'building_functions', 'matches': ['casa, portico', 'calle']}}]",2
48,Which neighborhood contains the buildings with the largest area on average in 1808?,spatial,a single entity name,0,0,"[('neighborhood', 'parish', 1), ('neighborhood', 'district', 2), ('buildings', 'building_functions', 1), ('buildings', 'building_functions', 2), ('largest area', 'building_area', 2)]","[{'neighborhood': {'dataset': 'data/buildings_1740.csv', 'column': 'parish', 'matches': ['ghetto vecchio']}}, {'buildings': {'dataset': 'data/buildings_1740.csv', 'column': 'building_functions', 'matches': ['casa, portico', 'calle']}}, {'buildings': {'dataset': 'data/buildings_1808.csv', 'column': 'building_functions', 'matches': ['calle, portico']}}]",3
49,What is the name of the square that is the most densely populated with people within 100 meters in 1740?,spatial,a single entity name,1,0,"[('square', 'landmark_type', 3), ('people', 'owner_first_name', 1), ('people', 'tenant_name', 1), ('within 100 meters', 'longitude', 1), ('within 100 meters', 'latitude', 1)]","[{'square': {'dataset': 'data/landmarks.csv', 'column': 'landmark_type', 'matches': ['square']}}, {'people': {'dataset': 'data/buildings_1740.csv', 'column': 'owner_first_name', 'matches': ['ottavio', 'ludovico', 'ottavia', 'vita']}}, {'people': {'dataset': 'data/buildings_1740.csv', 'column': 'tenant_name', 'matches': ['domenico persone', 'iseppo persone']}}]",3
50,What is the name of the square that is the most densely populated with people within 100 meters in 1808?,spatial,a single entity name,1,0,"[('square', 'landmark_type', '3'), ('building_functions', 'building_functions', '2'), ('longitude', 'longitude', '2'), ('latitude', 'latitude', '2')]","[{'square': {'dataset': 'data/landmarks.csv', 'column': 'landmark_type', 'matches': ['square']}}]",1
51,How many buildings are there per parish on average in 1740?,spatial,a single number,0,0,"[('parish', 'parish', '1')]","[{'parish': {'dataset': 'data/buildings_1740.csv', 'column': 'parish', 'matches': ['santa sofia', 'santa giustina', 'santa margherita', 'santa lucia']}}]",1
52,How many buildings are there per district on average in 1808?,spatial,a single number,0,0,"[('buildings', 'building_area', 2), ('district', 'district', 2), ('1808', 'building_area', 2)]","[{'1808': {'dataset': 'data/buildings_1808.csv', 'column': 'building_area', 'matches': ['118.084', '118.081', '189.608', '18.083', '148.408', '180.138', '128.508', '183.708', '108.038', '141.808', '180.338', '186.08', '150.808', '178.088', '180.869', '180.831', '218.082', '180.801', '180.847', '128.408', '168.028', '180.698', '128.028', '182.078', '10.808', '180.839']}}]",1
53,What is the parish with the highest rent price in 1740?,spatial,a single entity name,0,0,"[('parish', 'parish', '1'), ('highest rent price', 'rent_price', '1')]","[{'parish': {'dataset': 'data/buildings_1740.csv', 'column': 'parish', 'matches': ['santa sofia', 'santa giustina', 'santa margherita', 'santa lucia']}}]",1
54,What is the district with the largest buildings in 1808?,spatial,a single entity name,0,0,"[('district', 'district', 2)]",[],0
55,"Among all the parishes, what is the highest density of buildings with multiple functions in 1740?",spatial,a single number,0,0,"[('parishes', 'parish', 1), ('buildings with multiple functions', 'building_functions_count', 1)]","[{'parishes': {'dataset': 'data/buildings_1740.csv', 'column': 'parish', 'matches': ['santa giustina']}}]",1
56,"Among all the districts, what is the highest density of buildings with multiple functions in 1808?",spatial,a single number,0,0,"[('districts', 'district', 2), ('buildings', 'building_functions_count', 2), ('multiple functions', 'building_functions_count', 2)]",[],0
57,What is the average rent price difference between the parishes with the highest and the lowest rent prices in 1740?,spatial,a single number,0,0,"[('parishes', 'parish', '1'), ('rent prices', 'rent_price', '1')]","[{'parishes': {'dataset': 'data/buildings_1740.csv', 'column': 'parish', 'matches': ['santa giustina']}}]",1
58,What is the average size difference between the districts with the largest and the smalles buildings in 1808?,spatial,a single number,0,0,"[('districts', 'district', 2), ('buildings', 'building_functions', 2), ('buildings', 'building_area', 2), ('largest', 'building_area', 2), ('smallest', 'building_area', 2)]","[{'buildings': {'dataset': 'data/buildings_1808.csv', 'column': 'building_functions', 'matches': ['calle, portico']}}]",1
59,Are there any parishes with more than 5 buildings owned by a single family in 1740?,spatial,yes or no,0,0,"[('parishes', 'parish', 1), ('buildings', None, 1), ('owned by a single family', 'owner_first_name', 1), ('owned by a single family', 'owner_family_name', 1), ('owned by a single family', 'owner_first_name', 2), ('owned by a single family', 'owner_family_name', 2)]","[{'parishes': {'dataset': 'data/buildings_1740.csv', 'column': 'parish', 'matches': ['santa giustina']}}, {'owned by a single family': {'dataset': 'data/buildings_1808.csv', 'column': 'owner_first_name', 'matches': ['famiglia']}}]",2
60,Are there any districts with more than 5 buildings owned by a single family in 1808?,spatial,yes or no,0,0,[],[],0
61,What is the most common function of buildings that are within 100 meters from the closest square in 1740?,function,a single entity name,1,0,"[('function', 'building_functions', 1), ('square', 'landmark_name', 3)]","[{'square': {'dataset': 'data/landmarks.csv', 'column': 'landmark_name', 'matches': ['piazza san marco']}}]",1
62,What is the most common function of buildings that are within 100 meters from the closest square in 1808?,function,a single entity name,1,0,"[('function', 'building_functions', '2'), ('square', 'landmark_name', '3'), ('landmark_type', 'landmark_type', '3')]","[{'square': {'dataset': 'data/landmarks.csv', 'column': 'landmark_name', 'matches': ['piazza san marco']}}]",1
63,Which square is surrounded with the buildings with the most diverse functions within the radius of 100 meters in 1740?,function,a single entity name,1,0,"[('square', 'landmark_type', 3), ('diverse functions', 'building_functions', 1), ('within the radius of 100 meters', 'longitude', 2), ('within the radius of 100 meters', 'latitude', 2)]","[{'square': {'dataset': 'data/landmarks.csv', 'column': 'landmark_type', 'matches': ['square']}}]",1
64,Which square is surrounded with the buildings with the most diverse functions within the radius of 100 meters in 1808?,function,a single entity name,1,0,"[('square', 'landmark_type', '3'), ('longitude', 'longitude', '2'), ('latitude', 'latitude', '2'), ('building_functions', 'building_functions', '2')]","[{'square': {'dataset': 'data/landmarks.csv', 'column': 'landmark_type', 'matches': ['square']}}]",1
65,Are residential buildings more closely located to the squares than commercial buildings in 1740?,function,yes or no,3,1,"[('residential buildings', 'building_functions', 1), ('residential buildings', 'building_functions', 2), ('squares', 'landmark_type', 3), ('commercial buildings', 'building_functions', 1), ('commercial buildings', 'building_functions', 2)]","[{'residential buildings': {'dataset': 'data/buildings_1740.csv', 'column': 'building_functions', 'matches': ['appartamento, casa', 'appartamento, casa, magazzeno']}}, {'residential buildings': {'dataset': 'data/buildings_1808.csv', 'column': 'building_functions', 'matches': ['casa, corto, portico', 'appartamento, casa, volta', 'appartamento, casa', 'area, casa']}}, {'squares': {'dataset': 'data/landmarks.csv', 'column': 'landmark_type', 'matches': ['square']}}, {'commercial buildings': {'dataset': 'data/buildings_1740.csv', 'column': 'building_functions', 'matches': ['calle, magazzeno']}}, {'commercial buildings': {'dataset': 'data/buildings_1808.csv', 'column': 'building_functions', 'matches': ['calle, portico', 'fabbrica, locale']}}]",5
66,Are residential buildings more closely located to the squares than commercial buildings in 1808?,function,yes or no,3,1,"[('residential buildings', 'building_functions', '2'), ('squares', 'landmark_type', '3'), ('commercial buildings', 'building_functions', '2')]","[{'residential buildings': {'dataset': 'data/buildings_1808.csv', 'column': 'building_functions', 'matches': ['casa, corto, portico', 'appartamento, casa, volta', 'appartamento, casa', 'area, casa']}}, {'squares': {'dataset': 'data/landmarks.csv', 'column': 'landmark_type', 'matches': ['square']}}, {'commercial buildings': {'dataset': 'data/buildings_1808.csv', 'column': 'building_functions', 'matches': ['calle, portico', 'fabbrica, locale']}}]",3
67,What is the average distance between workshops and their nearest square in 1740?,function,a single number,2,1,"[('workshops', 'building_functions', '1'), ('workshops', 'building_functions', '2'), ('square', 'landmark_type', '3'), ('longitude', 'longitude', '1'), ('latitude', 'latitude', '1'), ('longitude', 'longitude', '2'), ('latitude', 'latitude', '2')]","[{'workshops': {'dataset': 'data/buildings_1740.csv', 'column': 'building_functions', 'matches': ['magazzeno, orto']}}, {'workshops': {'dataset': 'data/buildings_1808.csv', 'column': 'building_functions', 'matches': ['cantiere', 'magazzeno, raffinaria']}}, {'square': {'dataset': 'data/landmarks.csv', 'column': 'landmark_type', 'matches': ['square']}}]",3
68,What is the average distance between houses and their nearest square in 1740?,function,a single number,2,1,"[('houses', 'building_functions', 1), ('square', 'landmark_type', 3), ('longitude', 'longitude', 1), ('latitude', 'latitude', 1)]","[{'houses': {'dataset': 'data/buildings_1740.csv', 'column': 'building_functions', 'matches': ['casa', 'casa, orto', 'appartamento, casa', 'casa, scala']}}, {'square': {'dataset': 'data/landmarks.csv', 'column': 'landmark_type', 'matches': ['square']}}]",2
69,What is the average distance between schools and their nearest church in 1740?,function,a single number,2,1,"[('schools', 'building_functions', 1), ('schools', 'building_functions', 2), ('church', 'landmark_name', 3)]","[{'schools': {'dataset': 'data/buildings_1740.csv', 'column': 'building_functions', 'matches': ['scuola']}}, {'schools': {'dataset': 'data/buildings_1808.csv', 'column': 'building_functions', 'matches': ['magazzeno, scuola']}}, {'church': {'dataset': 'data/landmarks.csv', 'column': 'landmark_name', 'matches': ['campo de la chiesa', 'chiesa degli ognissanti', 'chiesa delle eremite']}}]",3
70,What is the average distance between workshops and their nearest square in 1808?,function,a single number,2,1,"[('workshops', 'building_functions', 2), ('square', 'landmark_type', 3), ('longitude', 'longitude', 2), ('latitude', 'latitude', 2)]","[{'workshops': {'dataset': 'data/buildings_1808.csv', 'column': 'building_functions', 'matches': ['cantiere', 'magazzeno, raffinaria']}}, {'square': {'dataset': 'data/landmarks.csv', 'column': 'landmark_type', 'matches': ['square']}}]",2
71,What is the average distance between houses and their nearest square in 1808?,function,a single number,2,1,"[('houses', 'building_functions', 2), ('square', 'landmark_type', 3), ('longitude', 'longitude', 2), ('latitude', 'latitude', 2)]","[{'houses': {'dataset': 'data/buildings_1808.csv', 'column': 'building_functions', 'matches': ['casa', 'casa, loggia', 'casa, tintoria', 'bottega, casa, locanda', 'appartamento, casa', 'casa, luogo', 'casa, orto']}}, {'square': {'dataset': 'data/landmarks.csv', 'column': 'landmark_type', 'matches': ['square']}}]",2
72,What is the average distance between schools and their nearest church in 1808?,function,a single number,2,1,"[('schools', 'building_functions', 2), ('church', 'landmark_type', 3)]","[{'schools': {'dataset': 'data/buildings_1808.csv', 'column': 'building_functions', 'matches': ['magazzeno, scuola']}}, {'church': {'dataset': 'data/landmarks.csv', 'column': 'landmark_type', 'matches': ['church']}}]",2
73,"On average, are buildings with multiple functions more expensive than the ones with a single function in 1740?",function,yes or no,0,0,"[('buildings with multiple functions', 'building_functions_count', 1), ('buildings with multiple functions', 'building_functions_count', 2), ('the ones with a single function', 'building_functions_count', 1), ('the ones with a single function', 'building_functions_count', 2), ('more expensive', 'rent_price', 1), ('more expensive', 'building_area', 2)]",[],0
74,"On average, are buildings with multiple functions larger than the ones with a single function in 1808?",function,yes or no,0,0,"[('buildings', 'building_functions', 1), ('buildings', 'building_functions', 2), ('multiple functions', 'building_functions_count', 1), ('multiple functions', 'building_functions_count', 2), ('single function', 'building_functions_count', 1), ('single function', 'building_functions_count', 2), ('larger', 'building_area', 2)]","[{'buildings': {'dataset': 'data/buildings_1740.csv', 'column': 'building_functions', 'matches': ['casa, portico', 'calle']}}, {'buildings': {'dataset': 'data/buildings_1808.csv', 'column': 'building_functions', 'matches': ['calle, portico']}}, {'single function': {'dataset': 'data/buildings_1740.csv', 'column': 'building_functions_count', 'matches': ['1']}}, {'single function': {'dataset': 'data/buildings_1808.csv', 'column': 'building_functions_count', 'matches': ['1']}}]",4
75,What is the most common combination of functions of multi-functional buildings in 1740?,function,a single entity name,0,0,"[('functions', 'building_functions', 1)]",[],0
76,What is the most common combination of functions of multi-functional buildings in 1808?,function,a single entity name,0,0,"[('functions', 'building_functions', 2)]",[],0
77,Is there a correlation between building functions and their proximity to the churches in 1740?,function,yes or no,1,0,"[('building functions', 'building_functions', 1), ('building functions', 'building_functions', 2), ('churches', 'landmark_type', 3)]","[{'churches': {'dataset': 'data/landmarks.csv', 'column': 'landmark_type', 'matches': ['church']}}]",1
78,Is there a correlation between building functions and their proximity to the churches in 1808?,function,yes or no,1,0,"[('building functions', 'building_functions', '2'), ('churches', 'landmark_type', '3'), ('proximity', 'longitude', '2'), ('proximity', 'latitude', '2')]","[{'churches': {'dataset': 'data/landmarks.csv', 'column': 'landmark_type', 'matches': ['church']}}]",1
79,Which church is surrounded by the most diverse set of building functions in 1740?,function,a single entity name,1,0,"[('church', 'landmark_type', 3), ('building_functions', 'building_functions', 1)]","[{'church': {'dataset': 'data/landmarks.csv', 'column': 'landmark_type', 'matches': ['church']}}]",1
80,Which church is surrounded by the most diverse set of building functions in 1808?,function,a single entity name,1,0,"[('church', 'landmark_type', 3), ('building functions', 'building_functions', 2), ('diverse set', 'building_functions_count', 2)]","[{'church': {'dataset': 'data/landmarks.csv', 'column': 'landmark_type', 'matches': ['church']}}, {'diverse set': {'dataset': 'data/buildings_1808.csv', 'column': 'building_functions_count', 'matches': ['3']}}]",2
81,Is there a correlation between the number of building functions and the rent price in 1740?,function,yes or no,0,0,"[('number of building functions', 'building_functions_count', 1), ('number of building functions', 'building_functions_count', 2), ('rent price', 'rent_price', 1)]",[],0
82,Is there a correlation between the number of building functions and the size of the building in 1808?,function,yes or no,0,0,"[('number of building functions', 'building_functions_count', 1), ('number of building functions', 'building_functions_count', 2), ('size of the building', 'building_area', 2)]",[],0
83,Which square has the largest number of commercial buildings within 100 meters in the dataset in 1740?,function,a single entity name,2,0,"[('square', 'landmark_type', 3), ('commercial buildings', 'building_functions', 1), ('within 100 meters', 'longitude', 1), ('within 100 meters', 'latitude', 1)]","[{'square': {'dataset': 'data/landmarks.csv', 'column': 'landmark_type', 'matches': ['square']}}, {'commercial buildings': {'dataset': 'data/buildings_1740.csv', 'column': 'building_functions', 'matches': ['calle, magazzeno']}}]",2
84,Which square has the largest number of commercial buildings within 100 meters in the dataset in 1808?,function,a single entity name,2,0,"[('square', 'landmark_type', 3), ('commercial buildings', 'building_functions', 2), ('within 100 meters', 'longitude', 2), ('within 100 meters', 'latitude', 2)]","[{'square': {'dataset': 'data/landmarks.csv', 'column': 'landmark_type', 'matches': ['square']}}, {'commercial buildings': {'dataset': 'data/buildings_1808.csv', 'column': 'building_functions', 'matches': ['calle, portico', 'fabbrica, locale']}}]",2
85,Which family owns the most number of buildings in 1740?,personal,a single entity name,0,0,"[('family', 'owner_family_name', 1), ('number of buildings', 'building_functions_count', 1)]","[{'family': {'dataset': 'data/buildings_1740.csv', 'column': 'owner_family_name', 'matches': ['dada']}}]",1
86,How many buildings does the family of Michiel own in 1740?,personal,a single number,1,1,"[('Michiel', 'owner_family_name', 1), ('buildings', 'building_functions', 1)]","[{'michiel': {'dataset': 'data/buildings_1740.csv', 'column': 'owner_family_name', 'matches': ['michiel']}}, {'buildings': {'dataset': 'data/buildings_1740.csv', 'column': 'building_functions', 'matches': ['casa, portico', 'calle']}}]",2
87,How many buildings does the Zuanne Don own in 1740?,personal,a single number,2,1,"[('Zuanne', 'owner_first_name', 1), ('Don', 'owner_family_name', 1), ('buildings', 'building_functions', 1)]","[{'zuanne': {'dataset': 'data/buildings_1740.csv', 'column': 'owner_first_name', 'matches': ['zuanne']}}, {'don': {'dataset': 'data/buildings_1740.csv', 'column': 'owner_family_name', 'matches': ['dona', 'dazon']}}, {'buildings': {'dataset': 'data/buildings_1740.csv', 'column': 'building_functions', 'matches': ['casa, portico', 'calle']}}]",3
88,Which family owns the most number of buildings in 1808?,personal,a single entity name,0,0,"[('family', 'owner_family_name', 1), ('family', 'owner_family_name', 2), ('building_functions_count', 'building_functions_count', 1), ('building_area', 'building_area', 2)]","[{'family': {'dataset': 'data/buildings_1740.csv', 'column': 'owner_family_name', 'matches': ['dada']}}, {'family': {'dataset': 'data/buildings_1808.csv', 'column': 'owner_family_name', 'matches': ['casalari']}}]",2
89,How many buildings does the family of Michiel own in 1808?,personal,a single number,1,1,"[('Michiel', 'owner_family_name', 2), ('family', 'owner_family_name', 2), ('buildings', 'building_functions_count', 2)]","[{'michiel': {'dataset': 'data/buildings_1808.csv', 'column': 'owner_family_name', 'matches': ['michiel']}}, {'family': {'dataset': 'data/buildings_1808.csv', 'column': 'owner_family_name', 'matches': ['casalari']}}]",2
90,How many buildings does the Zuanne Francesco own in 1740?,personal,a single number,2,1,"[('Zuanne Francesco', 'owner_first_name', '1'), ('buildings', 'building_functions', '1')]","[{'zuanne francesco': {'dataset': 'data/buildings_1740.csv', 'column': 'owner_first_name', 'matches': ['zuanne francesco']}}, {'buildings': {'dataset': 'data/buildings_1740.csv', 'column': 'building_functions', 'matches': ['casa, portico', 'calle']}}]",2
91,Is there any correlation between the family name and the profession in 1740?,personal,yes or no,0,0,"[('family name', 'owner_family_name', 1), ('family name', 'owner_family_name', 2), ('profession', 'owner_profession', 1)]","[{'family name': {'dataset': 'data/buildings_1740.csv', 'column': 'owner_family_name', 'matches': ['bembo frattina']}}, {'family name': {'dataset': 'data/buildings_1808.csv', 'column': 'owner_family_name', 'matches': ['casalari']}}, {'profession': {'dataset': 'data/buildings_1740.csv', 'column': 'owner_profession', 'matches': ['medico', 'dottor']}}]",3
92,Which family owns the most number of buildings per parish on average in 1740?,personal,a single entity name,0,0,"[('family', 'owner_family_name', 1), ('family', 'owner_family_name', 2), ('building_functions_count', 'building_functions_count', 1), ('building_functions_count', 'building_functions_count', 2), ('parish', 'parish', 1), ('district', 'district', 2)]","[{'family': {'dataset': 'data/buildings_1740.csv', 'column': 'owner_family_name', 'matches': ['dada']}}, {'family': {'dataset': 'data/buildings_1808.csv', 'column': 'owner_family_name', 'matches': ['casalari']}}, {'parish': {'dataset': 'data/buildings_1740.csv', 'column': 'parish', 'matches': ['santa sofia', 'santa giustina', 'santa margherita', 'santa lucia']}}]",3
93,Which family owns the most number of buildings per district on average in 1740?,personal,a single entity name,0,0,"[('family', 'owner_family_name', '1'), ('parish', 'parish', '1')]","[{'family': {'dataset': 'data/buildings_1740.csv', 'column': 'owner_family_name', 'matches': ['dada']}}, {'parish': {'dataset': 'data/buildings_1740.csv', 'column': 'parish', 'matches': ['santa sofia', 'santa giustina', 'santa margherita', 'santa lucia']}}]",2
94,How many lawyers are there in Venice in 1740?,personal,a single number,1,1,"[('lawyers', 'owner_profession', '1')]","[{'lawyers': {'dataset': 'data/buildings_1740.csv', 'column': 'owner_profession', 'matches': ['avocato', 'avvocato']}}]",1
95,How many cook are there in Venice in 1740?,personal,a single number,1,1,"[('cook', 'owner_profession', 1)]",[],0
96,How many medical doctors are there in Venice in 1740?,personal,a single number,1,1,"[('medical doctors', 'owner_profession', 1)]","[{'medical doctors': {'dataset': 'data/buildings_1740.csv', 'column': 'owner_profession', 'matches': ['medico']}}]",1
97,What does Carlo Alberegno do in 1740?,personal,a single entity name,2,1,"[('Carlo Alberegno', 'owner_profession', '1')]","[{'carlo alberegno': {'dataset': 'data/buildings_1740.csv', 'column': 'owner_profession', 'matches': ['orefice']}}]",1
98,How many merchants are there in Venice in 1740?,personal,a single number,1,1,"[('merchants', 'owner_profession', 1)]","[{'merchants': {'dataset': 'data/buildings_1740.csv', 'column': 'owner_profession', 'matches': ['mercante da legname']}}]",1
99,In which parish do prosecutors inhabit the most in 1740?,personal,a single entity name,1,1,"[('prosecutors', 'owner_profession', 1), ('inhabit', 'parish', 1)]","[{'prosecutors': {'dataset': 'data/buildings_1740.csv', 'column': 'owner_profession', 'matches': ['procurator', 'procuratore']}}, {'inhabit': {'dataset': 'data/buildings_1740.csv', 'column': 'parish', 'matches': ['san cassiano', 'san vidal']}}]",2
100,In which parish do lawyers own the most number of buildings in 1740?,personal,a single entity name,1,1,"[('parish', 'parish', 1), ('lawyers', 'owner_profession', 1)]","[{'parish': {'dataset': 'data/buildings_1740.csv', 'column': 'parish', 'matches': ['santa sofia', 'santa giustina', 'santa margherita', 'santa lucia']}}, {'lawyers': {'dataset': 'data/buildings_1740.csv', 'column': 'owner_profession', 'matches': ['avocato', 'avvocato']}}]",2
101,How much of do doctors earch from rent on average in 1740?,personal,a single number,1,1,"[('doctors', 'owner_profession', 1), ('earn', 'rent_price', 1)]","[{'doctors': {'dataset': 'data/buildings_1740.csv', 'column': 'owner_profession', 'matches': ['dottor']}}]",1
102,Who is the richest person in term of how much they earn from rent in 1740?,personal,a single number,0,0,"[('Who', 'owner_first_name', 1), ('person', 'owner_first_name', 1), ('richest', 'rent_price', 1), ('term', 'building_functions', 1), ('they', 'owner_first_name', 1), ('rent', 'rent_price', 1)]","[{'who': {'dataset': 'data/buildings_1740.csv', 'column': 'owner_first_name', 'matches': ['luigi']}}, {'person': {'dataset': 'data/buildings_1740.csv', 'column': 'owner_first_name', 'matches': ['piero', 'pierobon']}}, {'term': {'dataset': 'data/buildings_1740.csv', 'column': 'building_functions', 'matches': ['bottega', 'magazzeno', 'orto', 'bottega, corto']}}, {'they': {'dataset': 'data/buildings_1740.csv', 'column': 'owner_first_name', 'matches': ['zuane', 'nasto', 'giovanni andrea', 'ottavia', 'giesaron']}}]",4
103,Is there a significant difference in rent prices based on the profession of the building owner in 1740?,personal,yes or no,0,0,"[('rent prices', 'rent_price', 1), ('profession of the building owner', 'owner_profession', 1)]",[],0
104,What is the most common building functions of buildings owned by the same family in 1740?,personal,a single entity name,0,0,"[('building_functions', 'building_functions', '1'), ('most common', 'building_functions_count', '1'), ('owned by the same family', 'owner_family_name', '1')]",[],0
105,What is the most common building functions of buildings owned by the same family in 1808?,personal,a single entity name,0,0,"[('building functions', 'building_functions', '2'), ('same family', 'owner_family_name', '2')]","[{'same family': {'dataset': 'data/buildings_1808.csv', 'column': 'owner_family_name', 'matches': ['casalari']}}]",1
106,What type of building is owned the most by lawyers in 1740?,personal,a single entity name,1,1,"[('type of building', 'building_functions', 1), ('type of building', 'building_functions', 2), ('lawyers', 'owner_profession', 1)]","[{'type of building': {'dataset': 'data/buildings_1740.csv', 'column': 'building_functions', 'matches': ['casa, portico', 'bottega, casa, scala']}}, {'type of building': {'dataset': 'data/buildings_1808.csv', 'column': 'building_functions', 'matches': ['bottega, casa, corto, magazzeno, portico']}}, {'lawyers': {'dataset': 'data/buildings_1740.csv', 'column': 'owner_profession', 'matches': ['avocato', 'avvocato']}}]",3
107,What type of building is owned the most by doctors in 1740?,personal,a single entity name,1,1,"[('type of building', 'building_functions', 1), ('type of building', 'building_functions', 2), ('doctors', 'owner_profession', 1)]","[{'type of building': {'dataset': 'data/buildings_1740.csv', 'column': 'building_functions', 'matches': ['casa, portico', 'bottega, casa, scala']}}, {'type of building': {'dataset': 'data/buildings_1808.csv', 'column': 'building_functions', 'matches': ['bottega, casa, corto, magazzeno, portico']}}, {'doctors': {'dataset': 'data/buildings_1740.csv', 'column': 'owner_profession', 'matches': ['dottor']}}]",3
108,How many people were relocated by more than 1km from 1740 to 1808?,comparison,a single number,0,0,"[('people', 'owner_first_name', '1'), ('people', 'tenant_name', '1'), ('relocated', 'owner_first_name', '1'), ('relocated', 'owner_family_name', '1'), ('by more than 1km', 'longitude', '1'), ('by more than 1km', 'latitude', '1'), ('1740', 'parish', '1'), ('1808', 'district', '2')]","[{'people': {'dataset': 'data/buildings_1740.csv', 'column': 'owner_first_name', 'matches': ['ottavio', 'ludovico', 'ottavia', 'vita']}}, {'people': {'dataset': 'data/buildings_1740.csv', 'column': 'tenant_name', 'matches': ['domenico persone', 'iseppo persone']}}]",2
109,What is the average distance moved by individuals who owned buildings in both 1740 and 1808?,comparison,a single number,0,0,"[('owned buildings', 'owner_family_name', 2), ('longitude', 'longitude', 2), ('latitude', 'latitude', 2)]","[{'owned buildings': {'dataset': 'data/buildings_1808.csv', 'column': 'owner_family_name', 'matches': ['castelli', 'urbani', 'mineli vanasel castelli', 'vansel castelli giusto', 'castelli vanaxel', 'baldovini']}}]",1
110,How many more buildings does the family of Michiel own in 1808 compared to 1740?,comparison,a single number,1,1,"[('Michiel', 'owner_family_name', 1), ('Michiel', 'owner_family_name', 2), ('buildings', 'building_functions', 1), ('buildings', 'building_functions', 2), ('own', 'owner_first_name', 1), ('own', 'owner_family_name', 1), ('own', 'owner_first_name', 2), ('own', 'owner_family_name', 2), ('buildings', 'building_functions_count', 1), ('buildings', 'building_functions_count', 2)]","[{'michiel': {'dataset': 'data/buildings_1740.csv', 'column': 'owner_family_name', 'matches': ['michiel']}}, {'michiel': {'dataset': 'data/buildings_1808.csv', 'column': 'owner_family_name', 'matches': ['michiel']}}, {'buildings': {'dataset': 'data/buildings_1740.csv', 'column': 'building_functions', 'matches': ['casa, portico', 'calle']}}, {'buildings': {'dataset': 'data/buildings_1808.csv', 'column': 'building_functions', 'matches': ['calle, portico']}}, {'own': {'dataset': 'data/buildings_1740.csv', 'column': 'owner_first_name', 'matches': ['domenego']}}, {'own': {'dataset': 'data/buildings_1740.csv', 'column': 'owner_family_name', 'matches': ['herz', 'domestici', 'vlasto']}}, {'own': {'dataset': 'data/buildings_1808.csv', 'column': 'owner_first_name', 'matches': ['mano']}}, {'own': {'dataset': 'data/buildings_1808.csv', 'column': 'owner_family_name', 'matches': ['milik']}}]",8
111,Which profession exhibited the highest rate of relocation compared to others from 1740 to 1808?,comparison,a single entity name,0,0,[],[],0
112,How many families own more buildings in 1808 than what they owned in 1740?,comparison,a single number,0,0,"[('families', 'owner_family_name', 1), ('families', 'owner_family_name', 2), ('building_functions_count', 'building_functions_count', 1), ('building_functions_count', 'building_functions_count', 2)]","[{'families': {'dataset': 'data/buildings_1740.csv', 'column': 'owner_family_name', 'matches': ['falier', 'milesi']}}, {'families': {'dataset': 'data/buildings_1808.csv', 'column': 'owner_family_name', 'matches': ['falier', 'milesi']}}]",2
113,How many families relocated their buildings closer to squares from 1740 to 1808?,comparison,a single number,1,0,"[('families', 'owner_first_name', 1), ('families', 'owner_family_name', 1), ('families', 'owner_first_name', 2), ('families', 'owner_family_name', 2), ('relocated their buildings', 'longitude', 1), ('relocated their buildings', 'latitude', 1), ('relocated their buildings', 'longitude', 2), ('relocated their buildings', 'latitude', 2), ('closer to squares', 'landmark_type', 3)]","[{'families': {'dataset': 'data/buildings_1740.csv', 'column': 'owner_first_name', 'matches': ['giovanni mattia']}}, {'families': {'dataset': 'data/buildings_1740.csv', 'column': 'owner_family_name', 'matches': ['falier', 'milesi']}}, {'families': {'dataset': 'data/buildings_1808.csv', 'column': 'owner_first_name', 'matches': ['famiglia']}}, {'families': {'dataset': 'data/buildings_1808.csv', 'column': 'owner_family_name', 'matches': ['falier', 'milesi']}}, {'closer to squares': {'dataset': 'data/landmarks.csv', 'column': 'landmark_type', 'matches': ['square']}}]",5
114,How many families relocated their buildings further away from squares from 1740 to 1808?,comparison,a single number,1,0,"[('families', 'owner_first_name', '1'), ('families', 'owner_family_name', '1'), ('families', 'tenant_name', '1'), ('families', 'owner_first_name', '2'), ('families', 'owner_family_name', '2'), ('squares', 'landmark_type', '3'), ('squares', 'longitude', '1'), ('squares', 'latitude', '1'), ('squares', 'longitude', '2'), ('squares', 'latitude', '2')]","[{'families': {'dataset': 'data/buildings_1740.csv', 'column': 'owner_first_name', 'matches': ['giovanni mattia']}}, {'families': {'dataset': 'data/buildings_1740.csv', 'column': 'owner_family_name', 'matches': ['falier', 'milesi']}}, {'families': {'dataset': 'data/buildings_1740.csv', 'column': 'tenant_name', 'matches': ['nicol filla e matteo', 'giovanni maria fattori']}}, {'families': {'dataset': 'data/buildings_1808.csv', 'column': 'owner_first_name', 'matches': ['famiglia']}}, {'families': {'dataset': 'data/buildings_1808.csv', 'column': 'owner_family_name', 'matches': ['falier', 'milesi']}}, {'squares': {'dataset': 'data/landmarks.csv', 'column': 'landmark_type', 'matches': ['square']}}]",6
115,How many more buildings are located within 100 meters from the closest squares in 1808 compared to 1740?,comparison,a single number,1,0,"[('buildings', 'building_functions_count', 1), ('buildings', 'building_functions_count', 2), ('squares', 'landmark_name', 3), ('distance', 'longitude', 1), ('distance', 'latitude', 1), ('distance', 'longitude', 2), ('distance', 'latitude', 2), ('distance', 'longitude', 3), ('distance', 'latitude', 3)]",[],0
116,How many less buildings are located within 100 meters from the closest  squares in 1808 compared to 1740?,comparison,a single number,1,0,"[('buildings', 'building_functions_count', 1), ('buildings', 'building_functions_count', 2), ('buildings', 'building_functions', 1), ('buildings', 'building_functions', 2), ('squares', 'landmark_type', 3), ('100 meters', 'longitude', 1), ('100 meters', 'latitude', 1), ('100 meters', 'longitude', 2), ('100 meters', 'latitude', 2)]","[{'buildings': {'dataset': 'data/buildings_1740.csv', 'column': 'building_functions', 'matches': ['casa, portico', 'calle']}}, {'buildings': {'dataset': 'data/buildings_1808.csv', 'column': 'building_functions', 'matches': ['calle, portico']}}, {'squares': {'dataset': 'data/landmarks.csv', 'column': 'landmark_type', 'matches': ['square']}}]",3
117,How many families present in Venice in 1740 still exist in 1808?,comparison,a single number,0,0,"[('families', 'owner_family_name', 1), ('families', 'owner_family_name', 2), ('Venice', 'parish', 1), ('Venice', 'district', 2)]","[{'families': {'dataset': 'data/buildings_1740.csv', 'column': 'owner_family_name', 'matches': ['falier', 'milesi']}}, {'families': {'dataset': 'data/buildings_1808.csv', 'column': 'owner_family_name', 'matches': ['falier', 'milesi']}}, {'venice': {'dataset': 'data/buildings_1808.csv', 'column': 'district', 'matches': ['castello']}}]",3
118,Does the family of Michiel exist in both periods?,comparison,yes or no,2,1,"[('family of Michiel', 'owner_family_name', 1), ('family of Michiel', 'owner_family_name', 2)]","[{'family of michiel': {'dataset': 'data/buildings_1740.csv', 'column': 'owner_family_name', 'matches': ['emo michiel']}}, {'family of michiel': {'dataset': 'data/buildings_1808.csv', 'column': 'owner_family_name', 'matches': ['michiel']}}]",2
119,How many more buildings does the family of Michiel own in 1808 compared to 1740?,comparison,a single number,2,1,"[('Michiel', 'owner_family_name', 1), ('Michiel', 'owner_family_name', 2), ('buildings', 'building_functions', 1), ('buildings', 'building_functions', 2), ('own', 'owner_first_name', 1), ('own', 'owner_family_name', 1), ('own', 'owner_first_name', 2), ('own', 'owner_family_name', 2), ('buildings', 'building_functions_count', 1), ('buildings', 'building_functions_count', 2)]","[{'michiel': {'dataset': 'data/buildings_1740.csv', 'column': 'owner_family_name', 'matches': ['michiel']}}, {'michiel': {'dataset': 'data/buildings_1808.csv', 'column': 'owner_family_name', 'matches': ['michiel']}}, {'buildings': {'dataset': 'data/buildings_1740.csv', 'column': 'building_functions', 'matches': ['casa, portico', 'calle']}}, {'buildings': {'dataset': 'data/buildings_1808.csv', 'column': 'building_functions', 'matches': ['calle, portico']}}, {'own': {'dataset': 'data/buildings_1740.csv', 'column': 'owner_first_name', 'matches': ['domenego']}}, {'own': {'dataset': 'data/buildings_1740.csv', 'column': 'owner_family_name', 'matches': ['herz', 'domestici', 'vlasto']}}, {'own': {'dataset': 'data/buildings_1808.csv', 'column': 'owner_first_name', 'matches': ['mano']}}, {'own': {'dataset': 'data/buildings_1808.csv', 'column': 'owner_family_name', 'matches': ['milik']}}]",8
120,Does the family of Michiel exist in both periods?,comparison,yes or no,1,1,"[('family of Michiel', 'owner_family_name', 1), ('family of Michiel', 'owner_family_name', 2)]","[{'family of michiel': {'dataset': 'data/buildings_1740.csv', 'column': 'owner_family_name', 'matches': ['emo michiel']}}, {'family of michiel': {'dataset': 'data/buildings_1808.csv', 'column': 'owner_family_name', 'matches': ['michiel']}}]",2
121,Does the family of Michiel exist in both periods?,comparison,yes or no,1,1,"[('family of Michiel', 'owner_family_name', 1), ('family of Michiel', 'owner_family_name', 2)]","[{'family of michiel': {'dataset': 'data/buildings_1740.csv', 'column': 'owner_family_name', 'matches': ['emo michiel']}}, {'family of michiel': {'dataset': 'data/buildings_1808.csv', 'column': 'owner_family_name', 'matches': ['michiel']}}]",2
122,Does the family of Michiel exist in both periods?,comparison,yes or no,1,1,"[('family of Michiel', 'owner_family_name', 1), ('family of Michiel', 'owner_family_name', 2)]","[{'family of michiel': {'dataset': 'data/buildings_1740.csv', 'column': 'owner_family_name', 'matches': ['emo michiel']}}, {'family of michiel': {'dataset': 'data/buildings_1808.csv', 'column': 'owner_family_name', 'matches': ['michiel']}}]",2
123,Which family increased the number of buildings they owned the most from 1740 to 1808?,comparison,a single entity name,0,0,"[('family', 'owner_family_name', 1), ('number of buildings', 'building_functions_count', 1), ('increased the most', 'owner_family_name', 1)]","[{'family': {'dataset': 'data/buildings_1740.csv', 'column': 'owner_family_name', 'matches': ['dada']}}]",1
124,How many building changed from residential to commercial use between 1740 and 1808?,comparison,a single number,4,1,"[('building', 'building_functions', 1), ('residential', 'building_functions', 1), ('commercial', 'building_functions', 1), ('building', 'building_functions', 2), ('residential', 'building_functions', 2), ('commercial', 'building_functions', 2)]","[{'building': {'dataset': 'data/buildings_1740.csv', 'column': 'building_functions', 'matches': ['casa, portico']}}, {'residential': {'dataset': 'data/buildings_1740.csv', 'column': 'building_functions', 'matches': ['appartamento', 'appartamento, casa']}}, {'commercial': {'dataset': 'data/buildings_1740.csv', 'column': 'building_functions', 'matches': ['magazzeno', 'calle', 'calle, magazzeno']}}, {'building': {'dataset': 'data/buildings_1808.csv', 'column': 'building_functions', 'matches': ['casa', 'appartamento, luogo']}}, {'residential': {'dataset': 'data/buildings_1808.csv', 'column': 'building_functions', 'matches': ['appartamento', 'appartamento, casa']}}, {'commercial': {'dataset': 'data/buildings_1808.csv', 'column': 'building_functions', 'matches': ['magazzeno']}}]",6
125,Do all buildings owned by the same people in both periods still serve the same function?,comparison,yes or no,0,0,"[('buildings', 'building', 1), ('buildings', 'building', 2), ('owner_first_name', 'owner_first_name', 1), ('owner_first_name', 'owner_first_name', 2), ('owner_family_name', 'owner_family_name', 1), ('owner_family_name', 'owner_family_name', 2), ('building_functions', 'building_functions', 1), ('building_functions', 'building_functions', 2)]",[],0
126,How many buildings retained the same function across the two time periods?,comparison,a single number,0,0,"[('buildings', 'building_functions', 1), ('buildings', 'building_functions', 2), ('functions', 'building_functions', 1), ('functions', 'building_functions', 2)]","[{'buildings': {'dataset': 'data/buildings_1740.csv', 'column': 'building_functions', 'matches': ['casa, portico', 'calle']}}, {'buildings': {'dataset': 'data/buildings_1808.csv', 'column': 'building_functions', 'matches': ['calle, portico']}}]",2
127,How many new families appeared in Venice in 1808 that were not present in 1740?,comparison,a single number,0,0,"[('new families', 'owner_first_name', '2'), ('new families', 'owner_family_name', '2'), ('Venice', 'district', '2'), ('appeared', 'building_functions', '2')]","[{'new families': {'dataset': 'data/buildings_1808.csv', 'column': 'owner_first_name', 'matches': ['famiglia']}}, {'new families': {'dataset': 'data/buildings_1808.csv', 'column': 'owner_family_name', 'matches': ['casalari']}}, {'venice': {'dataset': 'data/buildings_1808.csv', 'column': 'district', 'matches': ['castello']}}, {'appeared': {'dataset': 'data/buildings_1808.csv', 'column': 'building_functions', 'matches': ['luogo']}}]",4
128,Is there any decrease in the number of buildings held by a family on average from 1740 to 1808?,comparison,yes or no,0,0,"[('family', 'owner_family_name', 1), ('family', 'owner_family_name', 2), ('buildings', 'building_functions_count', 1), ('buildings', 'building_functions_count', 2)]","[{'family': {'dataset': 'data/buildings_1740.csv', 'column': 'owner_family_name', 'matches': ['dada']}}, {'family': {'dataset': 'data/buildings_1808.csv', 'column': 'owner_family_name', 'matches': ['casalari']}}]",2
129,Are there any families who moved closer to the churches in general from 1740 to 1808?,comparison,yes or no,1,0,"[('families', 'owner_family_name', 1), ('families', 'owner_family_name', 2), ('churches', 'landmark_type', 3), ('parish', 'parish', 1), ('district', 'district', 2), ('longitude', 'longitude', 1), ('latitude', 'latitude', 1), ('longitude', 'longitude', 2), ('latitude', 'latitude', 2)]","[{'families': {'dataset': 'data/buildings_1740.csv', 'column': 'owner_family_name', 'matches': ['falier', 'milesi']}}, {'families': {'dataset': 'data/buildings_1808.csv', 'column': 'owner_family_name', 'matches': ['falier', 'milesi']}}, {'churches': {'dataset': 'data/landmarks.csv', 'column': 'landmark_type', 'matches': ['church']}}, {'parish': {'dataset': 'data/buildings_1740.csv', 'column': 'parish', 'matches': ['santa sofia', 'santa giustina', 'santa margherita', 'santa lucia']}}]",4
130,Are there any families who moved further away from the churches in general from 1740 to 1808?,comparison,yes or no,1,0,"[('families', 'owner_family_name', '1'), ('families', 'owner_family_name', '2'), ('moved further away', 'longitude', '1'), ('moved further away', 'longitude', '2'), ('moved further away', 'latitude', '1'), ('moved further away', 'latitude', '2'), ('churches', 'landmark_type', '3'), ('churches', 'parish', '1'), ('churches', 'district', '2')]","[{'families': {'dataset': 'data/buildings_1740.csv', 'column': 'owner_family_name', 'matches': ['falier', 'milesi']}}, {'families': {'dataset': 'data/buildings_1808.csv', 'column': 'owner_family_name', 'matches': ['falier', 'milesi']}}, {'churches': {'dataset': 'data/landmarks.csv', 'column': 'landmark_type', 'matches': ['church']}}, {'churches': {'dataset': 'data/buildings_1740.csv', 'column': 'parish', 'matches': ['santi apostoli', 'santa giustina']}}, {'churches': {'dataset': 'data/buildings_1808.csv', 'column': 'district', 'matches': ['santa croce']}}]",5
131,How many families who owned buildings in both 1740 and 1808 changed the type of buildings they owned?,comparison,a single number,0,0,"[('families', 'owner_family_name', '1'), ('families', 'owner_family_name', '2'), ('owned buildings', 'building_functions', '1'), ('owned buildings', 'building_functions', '2')]","[{'families': {'dataset': 'data/buildings_1740.csv', 'column': 'owner_family_name', 'matches': ['falier', 'milesi']}}, {'families': {'dataset': 'data/buildings_1808.csv', 'column': 'owner_family_name', 'matches': ['falier', 'milesi']}}, {'owned buildings': {'dataset': 'data/buildings_1740.csv', 'column': 'building_functions', 'matches': ['casa, portico', 'casa, fabrico, orto', 'casa, casetta, magazzeno, orto', 'appartamento, casa, magazzeno']}}, {'owned buildings': {'dataset': 'data/buildings_1808.csv', 'column': 'building_functions', 'matches': ['casa, magazzeno, vendivino', 'casa, fabbrica, locale']}}]",4
132,Did any families transition from being tenants in 1740 to building owners in 1808?,comparison,a single entity name,0,0,"[('families', 'owner_family_name', 1), ('families', 'owner_family_name', 2), ('tenants', 'tenant_name', 1), ('building owners', 'owner_first_name', 1), ('building owners', 'owner_family_name', 1)]","[{'families': {'dataset': 'data/buildings_1740.csv', 'column': 'owner_family_name', 'matches': ['falier', 'milesi']}}, {'families': {'dataset': 'data/buildings_1808.csv', 'column': 'owner_family_name', 'matches': ['falier', 'milesi']}}, {'tenants': {'dataset': 'data/buildings_1740.csv', 'column': 'tenant_name', 'matches': ['giovanni battista talota', 'domenico zane']}}]",3
133,Have the squares with the most number of commercial buildings within 100 meters changed from 1740 to 1808?,comparison,yes or no,3,0,"[('squares', 'landmark_type', 3), ('commercial buildings', 'building_functions', 1), ('commercial buildings', 'building_functions', 2), ('longitude', 'longitude', 1), ('latitude', 'latitude', 1), ('longitude', 'longitude', 2), ('latitude', 'latitude', 2)]","[{'squares': {'dataset': 'data/landmarks.csv', 'column': 'landmark_type', 'matches': ['square']}}, {'commercial buildings': {'dataset': 'data/buildings_1740.csv', 'column': 'building_functions', 'matches': ['calle, magazzeno']}}, {'commercial buildings': {'dataset': 'data/buildings_1808.csv', 'column': 'building_functions', 'matches': ['calle, portico', 'fabbrica, locale']}}]",3
134,How many buildings are located within 100 meters from the closest church in 1808 compared to 1740?,comparison,a single number,1,0,"[('buildings', 'building', '1'), ('buildings', 'building', '2'), ('church', 'landmark_type', '3'), ('closest', 'longitude', '1'), ('closest', 'latitude', '1'), ('closest', 'longitude', '2'), ('closest', 'latitude', '2'), ('closest', 'longitude', '3'), ('closest', 'latitude', '3'), ('100 meters', 'longitude', '1'), ('100 meters', 'latitude', '1'), ('100 meters', 'longitude', '2'), ('100 meters', 'latitude', '2'), ('100 meters', 'longitude', '3'), ('100 meters', 'latitude', '3'), ('within', 'longitude', '1'), ('within', 'latitude', '1'), ('within', 'longitude', '2'), ('within', 'latitude', '2'), ('within', 'longitude', '3'), ('within', 'latitude', '3'), ('1808', 'building_functions_count', '2'), ('1740', 'building_functions_count', '1')]","[{'church': {'dataset': 'data/landmarks.csv', 'column': 'landmark_type', 'matches': ['church']}}]",1
135,How many more buildings are located within 100 meters from the square of San Marco in 1808 compared to 1740?,comparison,a single number,1,0,"[('buildings', 'building_functions', '1'), ('buildings', 'building_functions_count', '1'), ('buildings', 'building_functions', '2'), ('buildings', 'building_functions_count', '2'), ('San Marco', 'landmark_name', '3')]","[{'buildings': {'dataset': 'data/buildings_1740.csv', 'column': 'building_functions', 'matches': ['casa, portico', 'calle']}}, {'buildings': {'dataset': 'data/buildings_1808.csv', 'column': 'building_functions', 'matches': ['calle, portico']}}, {'san marco': {'dataset': 'data/landmarks.csv', 'column': 'landmark_name', 'matches': ['piazza san marco']}}]",3
136,What are the names of the most densely populated squares with the most number of buildings within 100 meters in both periods 1740 and 1808?,comparison,a single entity name,1,0,"[('squares', 'landmark_type', 3), ('most densely populated', 'building_functions_count', 1), ('most densely populated', 'building_functions_count', 2), ('within 100 meters', 'longitude', 1), ('within 100 meters', 'latitude', 1), ('within 100 meters', 'longitude', 2), ('within 100 meters', 'latitude', 2)]","[{'squares': {'dataset': 'data/landmarks.csv', 'column': 'landmark_type', 'matches': ['square']}}]",1
137,Which type of a building have been moved further away from the churches the most from 1740 to 1808?,comparison,a single entity name,1,0,"[('type of a building', 'building_functions', '1'), ('type of a building', 'building_functions', '2'), ('moved further away from the churches', 'longitude', '1'), ('moved further away from the churches', 'longitude', '2'), ('moved further away from the churches', 'latitude', '1'), ('moved further away from the churches', 'latitude', '2')]","[{'type of a building': {'dataset': 'data/buildings_1740.csv', 'column': 'building_functions', 'matches': ['casa, portico', 'bottega, casa, casetta, magazzeno']}}, {'type of a building': {'dataset': 'data/buildings_1808.csv', 'column': 'building_functions', 'matches': ['bottega, casa, corto, magazzeno, portico']}}]",2
138,Which type of a building have been moved closer to the churches the most from 1740 to 1808?,comparison,a single entity name,1,0,"[('type of a building', 'building_functions', 1), ('type of a building', 'building_functions', 2), ('churches', 'landmark_name', 3)]","[{'type of a building': {'dataset': 'data/buildings_1740.csv', 'column': 'building_functions', 'matches': ['casa, portico', 'bottega, casa, casetta, magazzeno']}}, {'type of a building': {'dataset': 'data/buildings_1808.csv', 'column': 'building_functions', 'matches': ['bottega, casa, corto, magazzeno, portico']}}, {'churches': {'dataset': 'data/landmarks.csv', 'column': 'landmark_name', 'matches': ['campo de la chiesa', 'campo drio la chiesa', 'chiesa degli ognissanti', 'chiesa delle eremite']}}]",3
139,Did the number of buildings with more than one function increase over time from 1740 to 1808?,comparison,yes or no,0,0,"[('buildings', 'building', '1'), ('buildings', 'building', '2'), ('building_functions_count', 'building_functions_count', '1'), ('building_functions_count', 'building_functions_count', '2')]",[],0
140,Did the family of Michiel loose any of their buildings from 1740 to 1808?,comparison,yes or no,1,1,"[('family of Michiel', 'owner_family_name', '1'), ('family of Michiel', 'owner_family_name', '2'), ('loose', 'owner_family_name', '1'), ('loose', 'owner_family_name', '2')]","[{'family of michiel': {'dataset': 'data/buildings_1740.csv', 'column': 'owner_family_name', 'matches': ['emo michiel']}}, {'family of michiel': {'dataset': 'data/buildings_1808.csv', 'column': 'owner_family_name', 'matches': ['michiel']}}, {'loose': {'dataset': 'data/buildings_1740.csv', 'column': 'owner_family_name', 'matches': ['abiati']}}, {'loose': {'dataset': 'data/buildings_1808.csv', 'column': 'owner_family_name', 'matches': ['zerbeti']}}]",4
