question,category,answer_format,n_matches,column_mappings,in_columns,phrase_matches,references,n_matches_predict
What is the average rent price of all buildings that are located within 100 meters of a church compared to those further away in 1740?,spatial,a single number,1,"[('What is the average rent price', 'rent_price', 1), ('all buildings that are located within 100 meters of a church', 'location', 3), ('all buildings that are located within 100 meters of a church', 'parish', 1), ('all buildings that are located within 100 meters of a church', 'landmark_name', 3)]","[False, False, False, False]",[],"[{'what is the average rent price': {'dataset': 'data/buildings_1740.csv', 'column': 'rent_price'}}, {'all buildings that are located within 100 meters of a church': {'dataset': 'data/buildings_1740.csv', 'column': 'parish'}}, {'all buildings that are located within 100 meters of a church': {'dataset': 'data/landmarks.csv', 'column': 'landmark_name'}}]",0
What is the average building area of all buildings that are located within 100 meters of a church compared to those further away in 1808?,spatial,a single number,1,"[('church', 'landmark_type', 3), ('building area', 'building_area', 2), ('within 100 meters', 'location', 2), ('further away', None, None)]","[True, False, False, False]","[{'church': {'dataset': 'data/landmarks.csv', 'column': 'landmark_type', 'matches': ['church']}}]","[{'building area': {'dataset': 'data/buildings_1808.csv', 'column': 'building_area'}}, {'within 100 meters': {'dataset': 'data/buildings_1808.csv', 'column': 'location'}}]",1
Which square has the highest density of tenants within 100 meters in 1740?,spatial,a single entity name,1,"[('square', 'Landmark_Type', 3), ('tenants', 'tenant_name', 1), ('location', 'longitude', 1), ('location', 'latitude', 1)]","[True, True, False, False]","[{'square': {'dataset': 'data/landmarks.csv', 'column': 'landmark_type', 'matches': ['square']}}, {'tenants': {'dataset': 'data/buildings_1740.csv', 'column': 'tenant_name', 'matches': ['giovanni battista talota', 'domenico zane']}}]","[{'location': {'dataset': 'data/buildings_1740.csv', 'column': 'longitude'}}, {'location': {'dataset': 'data/buildings_1740.csv', 'column': 'latitude'}}]",2
Which square has the highest density of buildings within 100 meters in 1808?,spatial,a single entity name,1,"[('square', 'Landmark_Name', 3), ('building_functions_count', 'building_functions_count', 2)]","[True, True]","[{'square': {'dataset': 'data/landmarks.csv', 'column': 'landmark_name', 'matches': ['piazza san marco']}}]",[],1
Is the building rent price correlated with the distance from the nearest square in 1740?,spatial,"yes or ""no""",1,"[('building rent price', 'rent_price', 1), ('distance from the nearest square', 'location', 3), ('nearest square', 'landmark_name', 3)]","[False, True, True]","[{'nearest square': {'dataset': 'data/landmarks.csv', 'column': 'landmark_name', 'matches': ['piazza san marco']}}]","[{'building rent price': {'dataset': 'data/buildings_1740.csv', 'column': 'rent_price'}}]",1
Is the building area correlated with the distance from the nearest square in 1808?,spatial,"yes or ""no""",1,[],[],[],[],0
Where are the houses densely located in 1740?,spatial,a single entity name,1,"[('houses', 'building_functions', 1), ('densely', 'location', 1)]","[False, False]",[],"[{'houses': {'dataset': 'data/buildings_1740.csv', 'column': 'building_functions'}}, {'densely': {'dataset': 'data/buildings_1740.csv', 'column': 'location'}}]",0
Where are the houses densely located in 1808?,spatial,a single entity name,1,"[('houses', 'building_functions', 1), ('densely located', 'location', 2)]","[False, False]",[],"[{'houses': {'dataset': 'data/buildings_1740.csv', 'column': 'building_functions'}}, {'densely located': {'dataset': 'data/buildings_1808.csv', 'column': 'location'}}]",0
Are low-rent buildings with less than average rent price clustered in specific areas in 1740?,spatial,"yes or ""no""",0,"[('low-rent', 'rent_price', 1), ('average rent price', 'rent_price', 1), ('clustered in specific areas', 'location', 1), ('clustered in specific areas', 'parish', 1), ('clustered in specific areas', 'longitude', 1)]","[False, False, False, False, False]",[],"[{'low-rent': {'dataset': 'data/buildings_1740.csv', 'column': 'rent_price'}}, {'average rent price': {'dataset': 'data/buildings_1740.csv', 'column': 'rent_price'}}, {'clustered in specific areas': {'dataset': 'data/buildings_1740.csv', 'column': 'location'}}, {'clustered in specific areas': {'dataset': 'data/buildings_1740.csv', 'column': 'parish'}}, {'clustered in specific areas': {'dataset': 'data/buildings_1740.csv', 'column': 'longitude'}}]",0
Are small buildings with smaller than average building size clustered in specific areas in 1808?,spatial,"yes or ""no""",0,"[('small', None, None), ('buildings', 'building_functions', 2), ('building size', 'building_area', 2), ('clustered', None, None)]","[True, False, False, False]",[],"[{'buildings': {'dataset': 'data/buildings_1808.csv', 'column': 'building_functions'}}, {'building size': {'dataset': 'data/buildings_1808.csv', 'column': 'building_area'}}]",0
How many people live within 100 meters of a church in 1740?,spatial,a single number,1,"[('people', 'owner_first_name', 1), ('church', 'landmark_name', 3)]","[True, True]","[{'people': {'dataset': 'data/buildings_1740.csv', 'column': 'owner_first_name', 'matches': ['ottavio', 'ludovico', 'ottavia', 'vita']}}, {'church': {'dataset': 'data/landmarks.csv', 'column': 'landmark_name', 'matches': ['campo de la chiesa', 'chiesa degli ognissanti', 'chiesa delle eremite']}}]",[],2
How many people live within 100 meters of a church in 1808?,spatial,a single number,1,"[('people', 'owner_first_name', 2), ('people', 'owner_family_name', 2), ('church', 'landmark_name', 3), ('within 100 meters of', None, None)]","[False, False, True, True]","[{'church': {'dataset': 'data/landmarks.csv', 'column': 'landmark_name', 'matches': ['campo de la chiesa', 'chiesa degli ognissanti', 'chiesa delle eremite']}}]","[{'people': {'dataset': 'data/buildings_1808.csv', 'column': 'owner_first_name'}}, {'people': {'dataset': 'data/buildings_1808.csv', 'column': 'owner_family_name'}}]",1
"On average, how much more expensive are houses near the squares within 100 meters compared to those further away in 1740?",spatial,a single number,2,"[('houses', 'building_functions', 1), ('near the squares', 'landmark_type', 3), ('within 100 meters', 'location', 1), ('compared to those further away', 'location', 1)]","[False, True, True, False]","[{'near the squares': {'dataset': 'data/landmarks.csv', 'column': 'landmark_type', 'matches': ['square']}}, {'within 100 meters': {'dataset': 'data/buildings_1740.csv', 'column': 'location', 'matches': ['scale de piera', ""scala d'abram di mazo"", 'scala della scola luzata', ""scale di ca' balbi"", 'scale primo ramo']}}]","[{'houses': {'dataset': 'data/buildings_1740.csv', 'column': 'building_functions'}}, {'compared to those further away': {'dataset': 'data/buildings_1740.csv', 'column': 'location'}}]",2
"On average, how much bigger are houses near the squares within 100 meters compared to those further away in 1808?",spatial,a single number,2,"[('houses', 'building_functions', 2), ('squares', 'landmark_name', 3), ('100 meters', None, None)]","[False, True, True]",[],"[{'houses': {'dataset': 'data/buildings_1808.csv', 'column': 'building_functions'}}]",0
"On average, how much more expensive are houses near the churches within 100 meters compared to those further away in 1740?",spatial,a single number,2,"[('houses', 'building_functions', 1), ('churches', 'landmark_name', 3)]","[False, True]","[{'churches': {'dataset': 'data/landmarks.csv', 'column': 'landmark_name', 'matches': ['campo de la chiesa', 'campo drio la chiesa', 'chiesa degli ognissanti', 'chiesa delle eremite']}}]","[{'houses': {'dataset': 'data/buildings_1740.csv', 'column': 'building_functions'}}]",1
"On average, how much bigger are houses near the churches within 100 meters compared to those further away in 1808?",spatial,a single number,2,"[('houses', 'building_functions', 2), ('churches', 'landmark_name', 3)]","[False, True]","[{'churches': {'dataset': 'data/landmarks.csv', 'column': 'landmark_name', 'matches': ['campo de la chiesa', 'campo drio la chiesa', 'chiesa degli ognissanti', 'chiesa delle eremite']}}]","[{'houses': {'dataset': 'data/buildings_1808.csv', 'column': 'building_functions'}}]",1
How many buildings are located around the square of San Marco within 100 meters in 1740?,spatial,a single number,1,"[('San Marco', 'landmark_name', 3), ('square', 'Landmark_Type', 3), ('buildings', 'building_functions_count', 1), ('within 100 meters', None, None)]","[True, True, True, False]","[{'san marco': {'dataset': 'data/landmarks.csv', 'column': 'landmark_name', 'matches': ['piazza san marco']}}, {'square': {'dataset': 'data/landmarks.csv', 'column': 'landmark_type', 'matches': ['square']}}]",[],2
How many buildings are located around the square of San Marco within 100 meters in 1808?,spatial,a single number,1,"[('San Marco', 'landmark_name', 3), ('square', 'Landmark_Type', 3), ('buildings', 'building_functions_count', 2), ('within 100 meters', None, None)]","[True, True, True, True]","[{'san marco': {'dataset': 'data/landmarks.csv', 'column': 'landmark_name', 'matches': ['piazza san marco']}}, {'square': {'dataset': 'data/landmarks.csv', 'column': 'landmark_type', 'matches': ['square']}}]",[],2
Are the buildings located within 100 meters from San Marco more expensive than the buildings located within 100 meters from other squares in 1740?,spatial,"yes or ""no""",2,"[('San Marco', 'landmark_name', 3), ('buildings', 'owner_first_name', 1), ('buildings', 'owner_family_name', 1), ('buildings', 'owner_first_name', 2), ('buildings', 'owner_family_name', 2)]","[True, True, True, True, False]","[{'san marco': {'dataset': 'data/landmarks.csv', 'column': 'landmark_name', 'matches': ['piazza san marco']}}, {'buildings': {'dataset': 'data/buildings_1740.csv', 'column': 'owner_first_name', 'matches': ['domenego', 'murin', 'zanetta domenico']}}, {'buildings': {'dataset': 'data/buildings_1740.csv', 'column': 'owner_family_name', 'matches': ['piazza']}}, {'buildings': {'dataset': 'data/buildings_1808.csv', 'column': 'owner_first_name', 'matches': ['castelli']}}]","[{'buildings': {'dataset': 'data/buildings_1808.csv', 'column': 'owner_family_name'}}]",4
Are the buildings located within 100 meters from San Marco bigger than the buildings located within 100 meters from other squares in 1808?,spatial,"yes or ""no""",2,"[('San Marco', 'landmark_name', 3), ('buildings', 'building_functions', 2), ('buildings', 'owner_first_name', 2)]","[True, True, False]","[{'san marco': {'dataset': 'data/landmarks.csv', 'column': 'landmark_name', 'matches': ['piazza san marco']}}, {'buildings': {'dataset': 'data/buildings_1808.csv', 'column': 'building_functions', 'matches': ['calle, portico']}}]","[{'buildings': {'dataset': 'data/buildings_1808.csv', 'column': 'owner_first_name'}}]",2
On average how far do people live from the squares in 1740?,spatial,a single number,1,"[('On average how far', None, None), ('do people live', 'location', 1), ('from the squares', 'landmark_name', 3)]","[True, True, True]",[],[],0
On average how far do people live from the squares in 1808?,spatial,a single number,1,"[('squares', 'Landmark_Type', 3), ('people', 'owner_first_name', 2), ('people', 'owner_family_name', 2)]","[True, True, False]","[{'squares': {'dataset': 'data/landmarks.csv', 'column': 'landmark_type', 'matches': ['square']}}, {'people': {'dataset': 'data/buildings_1808.csv', 'column': 'owner_first_name', 'matches': ['ottavio', 'giudo', 'redenti', 'amadio', 'gioavnni', 'vita']}}]","[{'people': {'dataset': 'data/buildings_1808.csv', 'column': 'owner_family_name'}}]",2
Which neighborhood has the highest density of different families in 1740?,spatial,a single entity name,0,"[('neighborhood', 'location', 1), ('density', 'building_functions_count', 1), ('different families', 'building_functions_count', 1)]","[False, True, False]",[],"[{'neighborhood': {'dataset': 'data/buildings_1740.csv', 'column': 'location'}}, {'different families': {'dataset': 'data/buildings_1740.csv', 'column': 'building_functions_count'}}]",0
Which neighborhood has the highest density of different families in 1808?,spatial,a single entity name,0,"[('neighborhood', 'district', 2), ('density', None, -1), ('different families', 'owner_family_name', 2)]","[False, False, False]",[],"[{'neighborhood': {'dataset': 'data/buildings_1808.csv', 'column': 'district'}}, {'different families': {'dataset': 'data/buildings_1808.csv', 'column': 'owner_family_name'}}]",0
How many churches does each parish have on average in 1740?,spatial,a single number,1,"[('many', 'building_functions_count', 1), ('churches', 'landmark_name', 3), ('parish', 'parish', 1)]","[True, True, True]","[{'many': {'dataset': 'data/buildings_1740.csv', 'column': 'building_functions_count', 'matches': ['1']}}, {'churches': {'dataset': 'data/landmarks.csv', 'column': 'landmark_name', 'matches': ['campo de la chiesa', 'campo drio la chiesa', 'chiesa degli ognissanti', 'chiesa delle eremite']}}, {'parish': {'dataset': 'data/buildings_1740.csv', 'column': 'parish', 'matches': ['santa sofia', 'santa giustina', 'santa margherita', 'santa lucia']}}]",[],3
How many churches does each district have on average in 1808?,spatial,a single number,1,"[('How many', 'building_functions_count', 2), ('churches', 'landmark_type', 3), ('each district', 'district', 2)]","[False, True, False]","[{'churches': {'dataset': 'data/landmarks.csv', 'column': 'landmark_type', 'matches': ['church']}}]","[{'how many': {'dataset': 'data/buildings_1808.csv', 'column': 'building_functions_count'}}, {'each district': {'dataset': 'data/buildings_1808.csv', 'column': 'district'}}]",1
Is there a significant difference in the rent prices for buildings within 100 meters from churches versus from squares in 1740?,spatial,"yes or ""no""",2,"[('rent prices', 'rent_price', 1), ('buildings within 100 meters from churches versus from squares', 'location', 1), ('buildings within 100 meters from churches versus from squares', 'landmark_name', 3), ('buildings within 100 meters from churches versus from squares', 'building_functions', 1)]","[False, True, True, True]","[{'buildings within 100 meters from churches versus from squares': {'dataset': 'data/buildings_1740.csv', 'column': 'location', 'matches': ['calle corrente verso la chiesa', 'calle per andar alla chiesa', 'calle dietro la chiesa', 'altra calle in fazza la chiesa', 'calle drio la chiesa', 'calle larga alla chiesa', 'calle dietro alla chiesa', 'calle larga dietro la chiesa']}}, {'buildings within 100 meters from churches versus from squares': {'dataset': 'data/landmarks.csv', 'column': 'landmark_name', 'matches': ['basilica di san pietro di castello']}}]","[{'rent prices': {'dataset': 'data/buildings_1740.csv', 'column': 'rent_price'}}]",2
Is there a significant difference in the area of buildings within 100 meters from churches versus from squares in 1808?,spatial,"yes or ""no""",2,"[('area of buildings', 'building_area', 2), ('churches', 'landmark_name', 3), ('squares', 'landmark_name', 3), ('location', 'location', 1), ('parish', 'parish', 1)]","[False, True, True, False, True]","[{'churches': {'dataset': 'data/landmarks.csv', 'column': 'landmark_name', 'matches': ['campo de la chiesa', 'campo drio la chiesa', 'chiesa degli ognissanti', 'chiesa delle eremite']}}, {'parish': {'dataset': 'data/buildings_1740.csv', 'column': 'parish', 'matches': ['santa sofia', 'santa giustina', 'santa margherita', 'santa lucia']}}]","[{'area of buildings': {'dataset': 'data/buildings_1808.csv', 'column': 'building_area'}}, {'location': {'dataset': 'data/buildings_1740.csv', 'column': 'location'}}]",2
Which neighborhood contains the buildings with the highest rent price on average in 1740?,spatial,a single entity name,0,"[('neighborhood', 'location', 1), ('highest rent price', 'rent_price', 1)]","[False, True]",[],"[{'neighborhood': {'dataset': 'data/buildings_1740.csv', 'column': 'location'}}]",0
Which neighborhood contains the buildings with the largest area on average in 1808?,spatial,a single entity name,0,"[('neighborhood', 'district', 2), ('buildings', None, None), ('largest area', 'building_area', 2)]","[True, True, True]",[],[],0
What is the name of the most densely populated square within 100 meters in 1740?,spatial,a single entity name,1,"[('the name', 'landmark_name', 3)]",[True],[],[],0
What is the name of the most densely populated square within 100 meters in 1808?,spatial,a single entity name,1,"[('the name', 'landmark_name', 3)]",[True],[],[],0
How many buildings are there per parish on average in 1740?,spatial,a single number,0,"[('buildings', 'building_functions_count', 1), ('per parish', 'parish', 1)]","[False, False]",[],"[{'buildings': {'dataset': 'data/buildings_1740.csv', 'column': 'building_functions_count'}}, {'per parish': {'dataset': 'data/buildings_1740.csv', 'column': 'parish'}}]",0
How many buildings are there per district on average in 1808?,spatial,a single number,0,"[('buildings', 'building_functions_count', 2), ('per district', 'district', 2)]","[False, False]",[],"[{'buildings': {'dataset': 'data/buildings_1808.csv', 'column': 'building_functions_count'}}, {'per district': {'dataset': 'data/buildings_1808.csv', 'column': 'district'}}]",0
What is the parish with the highest rent price in 1740?,spatial,a single entity name,0,"[('parish', 'parish', 1), ('rent price', 'rent_price', 1)]","[True, True]","[{'parish': {'dataset': 'data/buildings_1740.csv', 'column': 'parish', 'matches': ['santa sofia', 'santa giustina', 'santa margherita', 'santa lucia']}}]",[],1
What is the district with the largest buildings in 1808?,spatial,a single entity name,0,"[('district', 'district', 2), ('buildings', 'building_functions_count', 2)]","[True, False]",[],"[{'buildings': {'dataset': 'data/buildings_1808.csv', 'column': 'building_functions_count'}}]",0
"Among all the parishes, what is the highest density of buildings with multiple functions in 1740?",spatial,a single number,0,"[('parish', 'parish', 1), ('building_functions_count', 'building_functions_count', 1), ('building_functions', 'building_functions', 1)]","[False, True, False]",[],"[{'parish': {'dataset': 'data/buildings_1740.csv', 'column': 'parish'}}, {'building_functions': {'dataset': 'data/buildings_1740.csv', 'column': 'building_functions'}}]",0
"Among all the districts, what is the highest density of buildings with multiple functions in 1808?",spatial,a single number,0,"[('district', 'district', 2), ('building_functions_count', 'building_functions_count', 2), ('Building_Functions', 'building_functions', 2)]","[False, False, False]",[],"[{'district': {'dataset': 'data/buildings_1808.csv', 'column': 'district'}}, {'building_functions_count': {'dataset': 'data/buildings_1808.csv', 'column': 'building_functions_count'}}, {'building_functions': {'dataset': 'data/buildings_1808.csv', 'column': 'building_functions'}}]",0
What is the average rent price difference between the parishes with the highest and the lowest rent prices in 1740?,spatial,a single number,0,"[('average rent price', 'rent_price', 1), ('parishes', 'parish', 1), ('highest', None, None), ('lowest', None, None)]","[False, False, True, True]",[],"[{'average rent price': {'dataset': 'data/buildings_1740.csv', 'column': 'rent_price'}}, {'parishes': {'dataset': 'data/buildings_1740.csv', 'column': 'parish'}}]",0
What is the average size difference between the districts with the largest and the smalles buildings in 1808?,spatial,a single number,0,"[('average size difference', 'building_area', 2), ('the districts with the largest and the smallest buildings', 'district', 2)]","[True, True]",[],[],0
What is the most common function of buildings that are within 100 meters from a square in 1740?,function,a single entity name,1,"[('most common function', 'building_functions', 1), ('within 100 meters from a square', 'location', 3), ('square', 'landmark_name', 3)]","[False, False, True]","[{'square': {'dataset': 'data/landmarks.csv', 'column': 'landmark_name', 'matches': ['piazza san marco']}}]","[{'most common function': {'dataset': 'data/buildings_1740.csv', 'column': 'building_functions'}}]",1
What is the most common function of buildings that are within 100 meters from a square in 1808?,function,a single entity name,1,"[('most common function', 'building_functions', 2), ('within 100 meters from a square', 'location', 2), ('square', 'Landmark_Type', 3)]","[False, True, True]","[{'square': {'dataset': 'data/landmarks.csv', 'column': 'landmark_type', 'matches': ['square']}}]","[{'most common function': {'dataset': 'data/buildings_1808.csv', 'column': 'building_functions'}}]",1
Which square is surrounded with the buildings with the most diverse functions within the radius of 100 meters in 1740?,function,a single entity name,1,"[('square', 'landmark_name', 3), ('buildings', 'building_functions', 1), ('radius of 100 meters', None, None)]","[True, False, True]","[{'square': {'dataset': 'data/landmarks.csv', 'column': 'landmark_name', 'matches': ['piazza san marco']}}]","[{'buildings': {'dataset': 'data/buildings_1740.csv', 'column': 'building_functions'}}]",1
Which square is surrounded with the buildings with the most diverse functions within the radius of 100 meters in 1808?,function,a single entity name,1,"[('square', 'landmark_name', 3), ('buildings', 'building_functions', 2), ('radius', 'location', 2)]","[True, True, False]","[{'square': {'dataset': 'data/landmarks.csv', 'column': 'landmark_name', 'matches': ['piazza san marco']}}, {'buildings': {'dataset': 'data/buildings_1808.csv', 'column': 'building_functions', 'matches': ['calle, portico']}}]","[{'radius': {'dataset': 'data/buildings_1808.csv', 'column': 'location'}}]",2
Are residential buildings more closely located to the squares than commercial buildings in 1740?,function,"yes or ""no""",2,"[('residential', 'building_functions', 1), ('squares', 'landmark_name', 3)]","[True, True]","[{'residential': {'dataset': 'data/buildings_1740.csv', 'column': 'building_functions', 'matches': ['appartamento', 'appartamento, casa']}}]",[],1
Are residential buildings more closely located to the squares than commercial buildings in 1808?,function,"yes or ""no""",2,"[('residential buildings', 'building_functions', 2), ('squares', 'landmark_name', 3), ('commercial buildings', 'building_functions', 2)]","[True, True, True]","[{'residential buildings': {'dataset': 'data/buildings_1808.csv', 'column': 'building_functions', 'matches': ['casa, corto, portico', 'appartamento, casa, volta', 'appartamento, casa', 'area, casa']}}, {'commercial buildings': {'dataset': 'data/buildings_1808.csv', 'column': 'building_functions', 'matches': ['calle, portico', 'fabbrica, locale']}}]",[],2
What is the average distance between workshops and their nearest square in 1740?,function,a single number,2,"[('workshops', 'building_functions', 1), ('square', 'landmark_name', 3)]","[True, True]","[{'workshops': {'dataset': 'data/buildings_1740.csv', 'column': 'building_functions', 'matches': ['magazzeno, orto']}}, {'square': {'dataset': 'data/landmarks.csv', 'column': 'landmark_name', 'matches': ['piazza san marco']}}]",[],2
What is the average distance between workshops and their nearest square in 1808?,function,a single number,2,"[('workshops', 'building_functions', 1), ('square', 'landmark_name', 3), ('distance', None, None)]","[True, True, True]","[{'workshops': {'dataset': 'data/buildings_1740.csv', 'column': 'building_functions', 'matches': ['magazzeno, orto']}}, {'square': {'dataset': 'data/landmarks.csv', 'column': 'landmark_name', 'matches': ['piazza san marco']}}]",[],2
"On average, are buildings with multiple functions more expensive than the ones with a single function in 1740?",function,"yes or ""no""",0,"[('buildings', 'building_functions_count', 1), ('multiple functions', 'building_functions', 1), ('single function', 'building_functions', 1), ('more expensive', 'rent_price', 1)]","[False, True, True, False]",[],"[{'buildings': {'dataset': 'data/buildings_1740.csv', 'column': 'building_functions_count'}}, {'more expensive': {'dataset': 'data/buildings_1740.csv', 'column': 'rent_price'}}]",0
"On average, are buildings with multiple functions larger than the ones with a single function in 1808?",function,"yes or ""no""",0,"[('buildings', 'building_functions_count', 1), ('buildings', 'building_functions_count', 2), ('multiple functions', 'building_functions', 1), ('multiple functions', 'building_functions', 2), ('single function', 'building_functions', 1), ('single function', 'building_functions', 2)]","[False, False, True, False, False, False]",[],"[{'buildings': {'dataset': 'data/buildings_1740.csv', 'column': 'building_functions_count'}}, {'buildings': {'dataset': 'data/buildings_1808.csv', 'column': 'building_functions_count'}}, {'multiple functions': {'dataset': 'data/buildings_1808.csv', 'column': 'building_functions'}}, {'single function': {'dataset': 'data/buildings_1740.csv', 'column': 'building_functions'}}, {'single function': {'dataset': 'data/buildings_1808.csv', 'column': 'building_functions'}}]",0
What is the most common combination of functions of multi-functional buildings in 1740?,function,a single entity name,0,"[('most common', 'building_functions', 1), ('combination', 'building_functions', 1), ('of', None, None), ('functions', 'building_functions', 1), ('multi-functional', 'building_functions_count', 1)]","[False, False, True, False, True]",[],"[{'most common': {'dataset': 'data/buildings_1740.csv', 'column': 'building_functions'}}, {'combination': {'dataset': 'data/buildings_1740.csv', 'column': 'building_functions'}}, {'functions': {'dataset': 'data/buildings_1740.csv', 'column': 'building_functions'}}]",0
What is the most common combination of functions of multi-functional buildings in 1808?,function,a single entity name,0,"[('functions', 'building_functions', 2), ('functions', 'building_functions', 2)]","[False, False]",[],"[{'functions': {'dataset': 'data/buildings_1808.csv', 'column': 'building_functions'}}, {'functions': {'dataset': 'data/buildings_1808.csv', 'column': 'building_functions'}}]",0
Is there a correlation between building functions and their proximity to the churches in 1740?,function,"yes or ""no""",1,"[('building functions', 'building_functions', 1), ('churches', 'landmark_name', 3)]","[False, True]","[{'churches': {'dataset': 'data/landmarks.csv', 'column': 'landmark_name', 'matches': ['campo de la chiesa', 'campo drio la chiesa', 'chiesa degli ognissanti', 'chiesa delle eremite']}}]","[{'building functions': {'dataset': 'data/buildings_1740.csv', 'column': 'building_functions'}}]",1
Is there a correlation between building functions and their proximity to the churches in 1808?,function,"yes or ""no""",1,"[('building functions', 'building_functions', 2), ('churches', 'landmark_name', 3)]","[False, True]","[{'churches': {'dataset': 'data/landmarks.csv', 'column': 'landmark_name', 'matches': ['campo de la chiesa', 'campo drio la chiesa', 'chiesa degli ognissanti', 'chiesa delle eremite']}}]","[{'building functions': {'dataset': 'data/buildings_1808.csv', 'column': 'building_functions'}}]",1
Which church is surrounded by the most diverse set of building functions in 1740?,function,a single entity name,1,"[('Which church', 'landmark_name', 3), ('the most diverse set of building functions', 'building_functions', 1)]","[True, True]","[{'which church': {'dataset': 'data/landmarks.csv', 'column': 'landmark_name', 'matches': ['campo de la chiesa', 'campo drio la chiesa', 'chiesa degli ognissanti', 'chiesa di san maurizio', 'chiesa delle eremite']}}]",[],1
Which church is surrounded by the most diverse set of building functions in 1808?,function,a single entity name,1,"[('church', 'landmark_name', 3), ('building_functions', 'building_functions', 2)]","[True, True]","[{'church': {'dataset': 'data/landmarks.csv', 'column': 'landmark_name', 'matches': ['campo de la chiesa', 'chiesa degli ognissanti', 'chiesa delle eremite']}}]",[],1
Is there a correlation between the number of building functions and the rent price in 1740?,function,"yes or ""no""",0,"[('number of building functions', 'building_functions_count', 1), ('rent price', 'rent_price', 1)]","[False, False]",[],"[{'number of building functions': {'dataset': 'data/buildings_1740.csv', 'column': 'building_functions_count'}}, {'rent price': {'dataset': 'data/buildings_1740.csv', 'column': 'rent_price'}}]",0
Is there a correlation between the number of building functions and the size of the building in 1808?,function,"yes or ""no""",0,"[('number of building functions', 'building_functions_count', 2), ('size of the building', 'building_area', 2)]","[False, False]",[],"[{'number of building functions': {'dataset': 'data/buildings_1808.csv', 'column': 'building_functions_count'}}, {'size of the building': {'dataset': 'data/buildings_1808.csv', 'column': 'building_area'}}]",0
Which square has the larges number of commercial buildings within 100 meters in the dataset in 1740?,function,a single entity name,2,"[('square', 'Landmark_Type', 3), ('largest number of', 'building_functions_count', 1), ('commercial buildings', 'building_functions', 1)]","[True, False, True]","[{'square': {'dataset': 'data/landmarks.csv', 'column': 'landmark_type', 'matches': ['square']}}, {'commercial buildings': {'dataset': 'data/buildings_1740.csv', 'column': 'building_functions', 'matches': ['calle, magazzeno']}}]","[{'largest number of': {'dataset': 'data/buildings_1740.csv', 'column': 'building_functions_count'}}]",2
Which square has the larges number of commercial buildings within 100 meters in the dataset in 1808?,function,a single entity name,2,"[('square', 'Landmark_Type', 3), ('commercial buildings', 'building_functions', 2)]","[True, True]","[{'square': {'dataset': 'data/landmarks.csv', 'column': 'landmark_type', 'matches': ['square']}}, {'commercial buildings': {'dataset': 'data/buildings_1808.csv', 'column': 'building_functions', 'matches': ['calle, portico', 'fabbrica, locale']}}]",[],2
Which family owns the most number of buildings in 1740?,personal,a single entity name,0,"[('family', 'owner_family_name', 1), ('family', 'owner_family_name', 2)]","[True, True]","[{'family': {'dataset': 'data/buildings_1740.csv', 'column': 'owner_family_name', 'matches': ['dada']}}, {'family': {'dataset': 'data/buildings_1808.csv', 'column': 'owner_family_name', 'matches': ['casalari']}}]",[],2
Which family owns the most number of buildings in 1808?,personal,a single entity name,0,"[('family', 'owner_family_name', 1), ('family', 'owner_family_name', 2), ('number of buildings', 'building_functions_count', 2)]","[True, True, True]","[{'family': {'dataset': 'data/buildings_1740.csv', 'column': 'owner_family_name', 'matches': ['dada']}}, {'family': {'dataset': 'data/buildings_1808.csv', 'column': 'owner_family_name', 'matches': ['casalari']}}]",[],2
Is there any correlation between the family name and the profession in 1740?,personal,"yes or ""no""",0,"[('family name', 'owner_family_name', 1), ('profession', 'owner_profession', 1)]","[False, False]",[],"[{'family name': {'dataset': 'data/buildings_1740.csv', 'column': 'owner_family_name'}}, {'profession': {'dataset': 'data/buildings_1740.csv', 'column': 'owner_profession'}}]",0
Which family owns the most number of buildings per parish in 1740?,personal,"yes or ""no""",0,"[('family', 'owner_family_name', 1), ('owns', 'owner_first_name', 1), ('number', 'building_functions_count', 1), ('buildings', 'building_functions', 1), ('parish', 'parish', 1)]","[False, True, True, True, True]","[{'owns': {'dataset': 'data/buildings_1740.csv', 'column': 'owner_first_name', 'matches': ['domenego']}}, {'number': {'dataset': 'data/buildings_1740.csv', 'column': 'building_functions_count', 'matches': ['1', '4']}}, {'buildings': {'dataset': 'data/buildings_1740.csv', 'column': 'building_functions', 'matches': ['casa, portico', 'calle']}}, {'parish': {'dataset': 'data/buildings_1740.csv', 'column': 'parish', 'matches': ['santa sofia', 'santa giustina', 'santa margherita', 'santa lucia']}}]","[{'family': {'dataset': 'data/buildings_1740.csv', 'column': 'owner_family_name'}}]",4
Which family owns the most number of buildings per district in 1740?,personal,"yes or ""no""",0,"[('Which family', 'owner_family_name', 1), ('owns the most number of buildings', 'building_functions_count', 1), ('per district', 'location', 1)]","[False, True, False]",[],"[{'which family': {'dataset': 'data/buildings_1740.csv', 'column': 'owner_family_name'}}, {'per district': {'dataset': 'data/buildings_1740.csv', 'column': 'location'}}]",0
How many lawyers are there in Venice in 1740?,personal,a single number,1,"[('lawyers', 'owner_profession', 1)]",[True],"[{'lawyers': {'dataset': 'data/buildings_1740.csv', 'column': 'owner_profession', 'matches': ['avocato', 'avvocato']}}]",[],1
In which parish do lawyers own the most number of buildings in 1740?,personal,a single entity name,1,"[('In which', 'parish', 1), ('parish', 'parish', 1), ('lawyers', 'owner_profession', 1), ('own', 'owner_first_name', 1), ('own', 'owner_family_name', 1)]","[False, True, True, True, True]","[{'parish': {'dataset': 'data/buildings_1740.csv', 'column': 'parish', 'matches': ['santa sofia', 'santa giustina', 'santa margherita', 'santa lucia']}}, {'lawyers': {'dataset': 'data/buildings_1740.csv', 'column': 'owner_profession', 'matches': ['avocato', 'avvocato']}}, {'own': {'dataset': 'data/buildings_1740.csv', 'column': 'owner_first_name', 'matches': ['domenego']}}, {'own': {'dataset': 'data/buildings_1740.csv', 'column': 'owner_family_name', 'matches': ['herz', 'domestici', 'vlasto']}}]","[{'in which': {'dataset': 'data/buildings_1740.csv', 'column': 'parish'}}]",4
Is there a significant difference in rent prices based on the profession of the building owner in 1740?,personal,"yes or ""no""",0,"[('rent prices', 'rent_price', 1), ('profession', 'owner_profession', 1)]","[False, False]",[],"[{'rent prices': {'dataset': 'data/buildings_1740.csv', 'column': 'rent_price'}}, {'profession': {'dataset': 'data/buildings_1740.csv', 'column': 'owner_profession'}}]",0
What is the most common building functions of buildings owned by the same family in 1740?,personal,a single entity name,0,"[('most common', 'Building_Functions_count', 1), ('building functions', 'building_functions', 1), ('owned by the same family', 'owner_family_name', 1), ('owned by the same family', 'owner_family_name', 2)]","[False, False, False, False]",[],"[{'most common': {'dataset': 'data/buildings_1740.csv', 'column': 'building_functions_count'}}, {'building functions': {'dataset': 'data/buildings_1740.csv', 'column': 'building_functions'}}, {'owned by the same family': {'dataset': 'data/buildings_1740.csv', 'column': 'owner_family_name'}}, {'owned by the same family': {'dataset': 'data/buildings_1808.csv', 'column': 'owner_family_name'}}]",0
What is the most common building functions of buildings owned by the same family in 1808?,personal,a single entity name,0,"[('most common', 'Building_Functions', 2), ('building functions', 'Building_Functions', 2), ('owned by the same family', 'owner_family_name', 1), ('owned by the same family', 'owner_first_name', 1), ('owned by the same family', 'owner_family_name', 2), ('owned by the same family', 'owner_first_name', 2)]","[False, False, False, False, False, False]",[],"[{'most common': {'dataset': 'data/buildings_1808.csv', 'column': 'building_functions'}}, {'building functions': {'dataset': 'data/buildings_1808.csv', 'column': 'building_functions'}}, {'owned by the same family': {'dataset': 'data/buildings_1740.csv', 'column': 'owner_family_name'}}, {'owned by the same family': {'dataset': 'data/buildings_1740.csv', 'column': 'owner_first_name'}}, {'owned by the same family': {'dataset': 'data/buildings_1808.csv', 'column': 'owner_family_name'}}, {'owned by the same family': {'dataset': 'data/buildings_1808.csv', 'column': 'owner_first_name'}}]",0
What type of building is owned the most by lawyers in 1740?,personal,a single entity name,1,"[('What type of building', 'building_functions', 1), ('owned the most', None, None), ('by lawyers', 'owner_profession', 1)]","[False, False, True]","[{'by lawyers': {'dataset': 'data/buildings_1740.csv', 'column': 'owner_profession', 'matches': ['avocato', 'avvocato']}}]","[{'what type of building': {'dataset': 'data/buildings_1740.csv', 'column': 'building_functions'}}]",1
What type of building is owned the most by doctors in 1740?,personal,a single entity name,1,"[('What type of building', 'building_functions', 1), ('owned the most by doctors', 'owner_profession', 1)]","[False, True]","[{'owned the most by doctors': {'dataset': 'data/buildings_1740.csv', 'column': 'owner_profession', 'matches': ['medico']}}]","[{'what type of building': {'dataset': 'data/buildings_1740.csv', 'column': 'building_functions'}}]",1
How many families were relocated by more than 1km from 1740 to 1808?,comparison,a single number,0,"[('families', 'owner_family_name', 1), ('families', 'owner_family_name', 2), ('relocated', 'longitude', 1), ('relocated', 'latitude', 1), ('relocated', 'longitude', 2), ('relocated', 'latitude', 2)]","[False, False, False, False, False, False]",[],"[{'families': {'dataset': 'data/buildings_1740.csv', 'column': 'owner_family_name'}}, {'families': {'dataset': 'data/buildings_1808.csv', 'column': 'owner_family_name'}}, {'relocated': {'dataset': 'data/buildings_1740.csv', 'column': 'longitude'}}, {'relocated': {'dataset': 'data/buildings_1740.csv', 'column': 'latitude'}}, {'relocated': {'dataset': 'data/buildings_1808.csv', 'column': 'longitude'}}, {'relocated': {'dataset': 'data/buildings_1808.csv', 'column': 'latitude'}}]",0
What is the average distance moved by families who owned buildings in both 1740 and 1808?,comparison,a single number,0,"[('families', 'owner_family_name', 1), ('families', 'owner_family_name', 2), ('owner_first_name', 'owner_first_name', 1), ('owner_family_name', 'owner_family_name', 1), ('longitude', 'longitude', 1), ('latitude', 'latitude', 1), ('longitude', 'longitude', 2), ('latitude', 'latitude', 2)]","[False, False, False, False, False, False, False, False]",[],"[{'families': {'dataset': 'data/buildings_1740.csv', 'column': 'owner_family_name'}}, {'families': {'dataset': 'data/buildings_1808.csv', 'column': 'owner_family_name'}}, {'owner_first_name': {'dataset': 'data/buildings_1740.csv', 'column': 'owner_first_name'}}, {'owner_family_name': {'dataset': 'data/buildings_1740.csv', 'column': 'owner_family_name'}}, {'longitude': {'dataset': 'data/buildings_1740.csv', 'column': 'longitude'}}, {'latitude': {'dataset': 'data/buildings_1740.csv', 'column': 'latitude'}}, {'longitude': {'dataset': 'data/buildings_1808.csv', 'column': 'longitude'}}, {'latitude': {'dataset': 'data/buildings_1808.csv', 'column': 'latitude'}}]",0
Which Location in Venice the families moved to the most from 1740 to 1808?,comparison,a single entity name,0,"[('Location', 'location', 1), ('Location', 'location', 2), ('families', 'owner_family_name', 1), ('families', 'owner_family_name', 2)]","[False, False, False, False]",[],"[{'location': {'dataset': 'data/buildings_1740.csv', 'column': 'location'}}, {'location': {'dataset': 'data/buildings_1808.csv', 'column': 'location'}}, {'families': {'dataset': 'data/buildings_1740.csv', 'column': 'owner_family_name'}}, {'families': {'dataset': 'data/buildings_1808.csv', 'column': 'owner_family_name'}}]",0
Which profession exhibited the highest rate of relocation compared to others from 1740 to 1808?,comparison,a single entity name,0,"[('profession', 'owner_profession', 1), ('relocation', 'tenant_name', 1), ('relocation', 'owner_first_name', 2)]","[False, False, False]",[],"[{'profession': {'dataset': 'data/buildings_1740.csv', 'column': 'owner_profession'}}, {'relocation': {'dataset': 'data/buildings_1740.csv', 'column': 'tenant_name'}}, {'relocation': {'dataset': 'data/buildings_1808.csv', 'column': 'owner_first_name'}}]",0
How many families own more buildings in 1808 than what they owned in 1740?,comparison,a single number,0,"[('How many families', 'owner_family_name', 1), ('own more buildings', 'building_functions_count', 2), ('in 1808 than what they owned in 1740', None, None)]","[False, False, True]",[],"[{'how many families': {'dataset': 'data/buildings_1740.csv', 'column': 'owner_family_name'}}, {'own more buildings': {'dataset': 'data/buildings_1808.csv', 'column': 'building_functions_count'}}]",0
How many families relocated their buildings closer to squares from 1740 to 1808?,comparison,a single number,1,"[('families', 'owner_family_name', 1), ('families', 'owner_family_name', 2)]","[False, False]",[],"[{'families': {'dataset': 'data/buildings_1740.csv', 'column': 'owner_family_name'}}, {'families': {'dataset': 'data/buildings_1808.csv', 'column': 'owner_family_name'}}]",0
How many families relocated their buildings further away from squares from 1740 to 1808?,comparison,a single number,1,"[('families', 'owner_family_name', 1), ('squares', 'Landmark_Type', 3)]","[False, True]","[{'squares': {'dataset': 'data/landmarks.csv', 'column': 'landmark_type', 'matches': ['square']}}]","[{'families': {'dataset': 'data/buildings_1740.csv', 'column': 'owner_family_name'}}]",1
How many more buildings are located within 100 meters from squares in 1808 compared to 1740?,comparison,a single number,1,"[('squares', 'landmark_name', 3), ('buildings', 'building_functions_count', 1), ('buildings', 'building_functions_count', 2)]","[True, True, True]",[],[],0
How many less buildings are located within 100 meters from squares in 1808 compared to 1740?,comparison,a single number,1,"[('squares', 'landmark_name', 3), ('buildings', 'building_functions_count', 1), ('less', None, None), ('within 100 meters from', None, None)]","[True, True, True, True]",[],[],0
How many families present in Venice in 1740 still exist in 1808?,comparison,a single number,0,"[('families', 'owner_family_name', 1), ('families', 'owner_family_name', 2)]","[False, False]",[],"[{'families': {'dataset': 'data/buildings_1740.csv', 'column': 'owner_family_name'}}, {'families': {'dataset': 'data/buildings_1808.csv', 'column': 'owner_family_name'}}]",0
Which family increased the number of buildings they owned the most from 1740 to 1808?,comparison,a single entity name,0,"[('family', 'owner_family_name', 1), ('family', 'owner_family_name', 2), ('number of buildings', 'building_functions_count', 1), ('number of buildings', 'building_area', 2)]","[False, False, False, False]",[],"[{'family': {'dataset': 'data/buildings_1740.csv', 'column': 'owner_family_name'}}, {'family': {'dataset': 'data/buildings_1808.csv', 'column': 'owner_family_name'}}, {'number of buildings': {'dataset': 'data/buildings_1740.csv', 'column': 'building_functions_count'}}, {'number of buildings': {'dataset': 'data/buildings_1808.csv', 'column': 'building_area'}}]",0
How many building changed from residential to commercial use between 1740 and 1808?,comparison,a single number,4,"[('building', 'buildings', 1), ('building', 'buildings', 2), ('residential', 'building_functions', 1), ('commercial', 'building_functions', 1), ('residential', 'building_functions', 2), ('commercial', 'building_functions', 2)]","[False, False, True, True, True, True]","[{'residential': {'dataset': 'data/buildings_1740.csv', 'column': 'building_functions', 'matches': ['appartamento', 'appartamento, casa']}}, {'commercial': {'dataset': 'data/buildings_1740.csv', 'column': 'building_functions', 'matches': ['magazzeno', 'calle', 'calle, magazzeno']}}, {'residential': {'dataset': 'data/buildings_1808.csv', 'column': 'building_functions', 'matches': ['appartamento', 'appartamento, casa']}}, {'commercial': {'dataset': 'data/buildings_1808.csv', 'column': 'building_functions', 'matches': ['magazzeno']}}]",[],4
How many buildings retained the same function across the two time periods?,comparison,a single number,0,"[('buildings', 'building_functions_count', 1), ('buildings', 'building_functions', 1), ('buildings', 'building_functions', 2), ('function', 'building_functions', 1), ('function', 'building_functions', 2)]","[False, False, True, False, False]","[{'buildings': {'dataset': 'data/buildings_1808.csv', 'column': 'building_functions', 'matches': ['calle, portico']}}]","[{'buildings': {'dataset': 'data/buildings_1740.csv', 'column': 'building_functions_count'}}, {'buildings': {'dataset': 'data/buildings_1740.csv', 'column': 'building_functions'}}, {'function': {'dataset': 'data/buildings_1740.csv', 'column': 'building_functions'}}, {'function': {'dataset': 'data/buildings_1808.csv', 'column': 'building_functions'}}]",1
How many new families appeared in Venice in 1808 that were not present in 1740?,comparison,a single number,0,"[('new families', 'owner_family_name', 2), ('in Venice', 'location', 2), ('in 1808', None, None), ('were not present in 1740', 'owner_family_name', 1)]","[False, False, True, False]",[],"[{'new families': {'dataset': 'data/buildings_1808.csv', 'column': 'owner_family_name'}}, {'in venice': {'dataset': 'data/buildings_1808.csv', 'column': 'location'}}, {'were not present in 1740': {'dataset': 'data/buildings_1740.csv', 'column': 'owner_family_name'}}]",0
Is there any decrease in the number of buildings held by a family on average from 1740 to 1808?,comparison,"yes or ""no""",0,"[('number of buildings', 'building_functions_count', 1), ('family', 'owner_family_name', 1), ('family', 'owner_family_name', 2)]","[True, False, True]","[{'family': {'dataset': 'data/buildings_1808.csv', 'column': 'owner_family_name', 'matches': ['casalari']}}]","[{'family': {'dataset': 'data/buildings_1740.csv', 'column': 'owner_family_name'}}]",1
Are there any families who moved closer to the churches in general from 1740 to 1808?,comparison,"yes or ""no""",1,"[('families', 'owner_family_name', 1), ('families', 'owner_family_name', 2), ('churches', 'Landmark_Type', 3)]","[False, False, True]","[{'churches': {'dataset': 'data/landmarks.csv', 'column': 'landmark_type', 'matches': ['church']}}]","[{'families': {'dataset': 'data/buildings_1740.csv', 'column': 'owner_family_name'}}, {'families': {'dataset': 'data/buildings_1808.csv', 'column': 'owner_family_name'}}]",1
Are there any families who moved further away from the churches in general from 1740 to 1808?,comparison,"yes or ""no""",1,[],[],[],[],0
How many families who owned buildings in both 1740 and 1808 changed the type of buildings they owned?,comparison,a single number,0,"[('families', 'owner_family_name', 1), ('families', 'owner_family_name', 2), ('owned buildings', 'building_functions', 1), ('owned buildings', 'building_functions', 2)]","[True, False, False, False]","[{'families': {'dataset': 'data/buildings_1740.csv', 'column': 'owner_family_name', 'matches': ['falier', 'milesi']}}]","[{'families': {'dataset': 'data/buildings_1808.csv', 'column': 'owner_family_name'}}, {'owned buildings': {'dataset': 'data/buildings_1740.csv', 'column': 'building_functions'}}, {'owned buildings': {'dataset': 'data/buildings_1808.csv', 'column': 'building_functions'}}]",1
Did any families transition from being tenants in 1740 to building owners in 1808?,comparison,a single entity name,0,"[('families', 'owner_family_name', 1), ('families', 'owner_family_name', 2), ('tenants', 'tenant_name', 1), ('building owners', 'owner_first_name', 2)]","[False, False, True, True]","[{'tenants': {'dataset': 'data/buildings_1740.csv', 'column': 'tenant_name', 'matches': ['giovanni battista talota', 'domenico zane']}}, {'building owners': {'dataset': 'data/buildings_1808.csv', 'column': 'owner_first_name', 'matches': ['architetto']}}]","[{'families': {'dataset': 'data/buildings_1740.csv', 'column': 'owner_family_name'}}, {'families': {'dataset': 'data/buildings_1808.csv', 'column': 'owner_family_name'}}]",2
Have the squares with the most number of commercial buildings within 100 meters changed from 1740 to 1808?,comparison,"yes or ""no""",3,[],[],[],[],0
How many buildings are located within 100 meters of a church in 1808 compared to 1740?,comparison,a single number,1,"[('buildings', 'building_functions_count', 1), ('buildings', 'building_functions_count', 2), ('location', 'location', 2)]","[False, True, False]",[],"[{'buildings': {'dataset': 'data/buildings_1740.csv', 'column': 'building_functions_count'}}, {'location': {'dataset': 'data/buildings_1808.csv', 'column': 'location'}}]",0
How many more buildings are located within 100 meters from the square of San Marco in 1808 compared to 1740?,comparison,a single number,1,"[('San Marco', 'landmark_name', 3), ('square', 'Landmark_Type', 3), ('buildings', 'building_functions_count', 1), ('buildings', 'building_functions_count', 2)]","[True, True, True, True]","[{'san marco': {'dataset': 'data/landmarks.csv', 'column': 'landmark_name', 'matches': ['piazza san marco']}}, {'square': {'dataset': 'data/landmarks.csv', 'column': 'landmark_type', 'matches': ['square']}}]",[],2
What are the names of the most densely populated squares with the most number of buildings within 100 meters in both periods 1740 and 1808?,comparison,a single entity name,1,"[('squares', 'Landmark_Type', 3), ('buildings', 'building_functions_count', 1), ('distance', 'location', 1), ('periods', None, None)]","[True, False, True, True]","[{'squares': {'dataset': 'data/landmarks.csv', 'column': 'landmark_type', 'matches': ['square']}}, {'distance': {'dataset': 'data/buildings_1740.csv', 'column': 'location', 'matches': ['calle larga']}}]","[{'buildings': {'dataset': 'data/buildings_1740.csv', 'column': 'building_functions_count'}}]",2
Which type of a building have been moved further away from the churches the most from 1740 to 1808?,comparison,a single entity name,1,"[('type of a building', 'building_functions', 1), ('location', 'location', 1), ('location', 'location', 2)]","[False, True, True]","[{'location': {'dataset': 'data/buildings_1740.csv', 'column': 'location', 'matches': ['malcanton']}}, {'location': {'dataset': 'data/buildings_1808.csv', 'column': 'location', 'matches': ['calle']}}]","[{'type of a building': {'dataset': 'data/buildings_1740.csv', 'column': 'building_functions'}}]",2
Which type of a building have been moved closer to the churches the most from 1740 to 1808?,comparison,a single entity name,1,"[('type', 'building_functions', 1), ('churches', 'landmark_name', 3), ('location', 'location', 1), ('parish', 'parish', 1), ('location', 'location', 2), ('parish', 'parish', 2)]","[False, True, False, True, False, True]","[{'churches': {'dataset': 'data/landmarks.csv', 'column': 'landmark_name', 'matches': ['campo de la chiesa', 'campo drio la chiesa', 'chiesa degli ognissanti', 'chiesa delle eremite']}}, {'parish': {'dataset': 'data/buildings_1740.csv', 'column': 'parish', 'matches': ['santa sofia', 'santa giustina', 'santa margherita', 'santa lucia']}}]","[{'type': {'dataset': 'data/buildings_1740.csv', 'column': 'building_functions'}}, {'location': {'dataset': 'data/buildings_1740.csv', 'column': 'location'}}, {'location': {'dataset': 'data/buildings_1808.csv', 'column': 'location'}}]",2
Did the number of buildings with more than one function increase over time from 1740 to 1808?,comparison,"yes or ""no""",0,"[('number of', 'building_functions_count', 1), ('buildings', None, 1), ('more than one function', 'building_functions_count', 1), ('over time', None, None)]","[False, False, True, False]",[],"[{'number of': {'dataset': 'data/buildings_1740.csv', 'column': 'building_functions_count'}}]",0
Are there any parishes with more than 5 buildings owned by a single family in 1740?,spatial,"yes or ""no""",0,"[('parishes', 'parish', 1), ('5', 'building_functions_count', 1), ('owned by a single family', 'owner_family_name', 1)]","[False, True, False]","[{'5': {'dataset': 'data/buildings_1740.csv', 'column': 'building_functions_count', 'matches': ['4']}}]","[{'parishes': {'dataset': 'data/buildings_1740.csv', 'column': 'parish'}}, {'owned by a single family': {'dataset': 'data/buildings_1740.csv', 'column': 'owner_family_name'}}]",1
Are there any districts with more than 5 buildings owned by a single family in 1808?,spatial,"yes or ""no""",0,"[('districts', 'district', 2), ('buildings', 'building_functions_count', 1), ('buildings', 'building_functions_count', 2), ('owned by a single family', 'owner_family_name', 1), ('owned by a single family', 'owner_family_name', 2)]","[False, True, False, False, False]",[],"[{'districts': {'dataset': 'data/buildings_1808.csv', 'column': 'district'}}, {'buildings': {'dataset': 'data/buildings_1808.csv', 'column': 'building_functions_count'}}, {'owned by a single family': {'dataset': 'data/buildings_1740.csv', 'column': 'owner_family_name'}}, {'owned by a single family': {'dataset': 'data/buildings_1808.csv', 'column': 'owner_family_name'}}]",0
